utr_number,settlement_id,invoice_no,match_type,confidence,reason
UTR8800001,stl_001,INV-4501,exact,1.0,"UTR matched across bank, Razorpay settlement, and ERP invoice."
UTR8800002,stl_002,INV-4502,exact,1.0,"UTR matched across bank, Razorpay settlement, and ERP invoice."
UTR8800003,stl_003,INV-4503,exact,1.0,"UTR matched across bank, Razorpay settlement, and ERP invoice."
UTR8800004,stl_004,INV-4504,exact,1.0,"UTR matched across bank, Razorpay settlement, and ERP invoice."
UTR8800005,stl_005,INV-4505,exact,1.0,"UTR matched across bank, Razorpay settlement, and ERP invoice."
UTR8800006,stl_006,INV-4506,exact,1.0,"UTR matched across bank, Razorpay settlement, and ERP invoice."
UTR8800010,stl_010,INV-4510,exact,1.0,"UTR matched across bank, Razorpay settlement, and ERP invoice."
UTR8800011,stl_011,INV-4511,exact,1.0,"UTR matched across bank, Razorpay settlement, and ERP invoice."
UTR8800013,stl_013,INV-4513,exact,1.0,"UTR matched across bank, Razorpay settlement, and ERP invoice."
UTR8800014,stl_014,INV-4514,exact,1.0,"UTR matched across bank, Razorpay settlement, and ERP invoice."
UTR8800017,stl_017,INV-4517,exact,1.0,"UTR matched across bank, Razorpay settlement, and ERP invoice."
UTR8800019,stl_019,INV-4519,exact,1.0,"UTR matched across bank, Razorpay settlement, and ERP invoice."
UTR8800021,stl_021,INV-4521,exact,1.0,"UTR matched across bank, Razorpay settlement, and ERP invoice."
UTR8800022,stl_022,INV-4522,exact,1.0,"UTR matched across bank, Razorpay settlement, and ERP invoice."
UTR8800023,stl_023,INV-4523,exact,1.0,"UTR matched across bank, Razorpay settlement, and ERP invoice."
UTR8800025,stl_025,INV-4525,exact,1.0,"UTR matched across bank, Razorpay settlement, and ERP invoice."
UTR8800026,stl_026,INV-4526,exact,1.0,"UTR matched across bank, Razorpay settlement, and ERP invoice."
UTR8800027,stl_027,INV-4527,exact,1.0,"UTR matched across bank, Razorpay settlement, and ERP invoice."
UTR8800028,stl_028,INV-4528,exact,1.0,"UTR matched across bank, Razorpay settlement, and ERP invoice."
UTR8800029,stl_029,INV-4529,exact,1.0,"UTR matched across bank, Razorpay settlement, and ERP invoice."
UTR8800031,stl_031,INV-4531,exact,1.0,"UTR matched across bank, Razorpay settlement, and ERP invoice."
UTR8800032,stl_032,INV-4532,exact,1.0,"UTR matched across bank, Razorpay settlement, and ERP invoice."
UTR8800033,stl_033,INV-4533,exact,1.0,"UTR matched across bank, Razorpay settlement, and ERP invoice."
UTR8800037,stl_037,INV-4537,exact,1.0,"UTR matched across bank, Razorpay settlement, and ERP invoice."
UTR8800038,stl_038,INV-4538,exact,1.0,"UTR matched across bank, Razorpay settlement, and ERP invoice."
UTR8800039,stl_039,INV-4539,exact,1.0,"UTR matched across bank, Razorpay settlement, and ERP invoice."
UTR8800040,stl_040,INV-4540,exact,1.0,"UTR matched across bank, Razorpay settlement, and ERP invoice."
UTR8800041,stl_041,INV-4541,exact,1.0,"UTR matched across bank, Razorpay settlement, and ERP invoice."
UTR8800042,stl_042,INV-4542,exact,1.0,"UTR matched across bank, Razorpay settlement, and ERP invoice."
UTR8800043,stl_043,INV-4543,exact,1.0,"UTR matched across bank, Razorpay settlement, and ERP invoice."
UTR8800044,stl_044,INV-4544,exact,1.0,"UTR matched across bank, Razorpay settlement, and ERP invoice."
UTR8800047,stl_047,INV-4547,exact,1.0,"UTR matched across bank, Razorpay settlement, and ERP invoice."
UTR8800048,stl_048,INV-4548,exact,1.0,"UTR matched across bank, Razorpay settlement, and ERP invoice."
UTR8800049,stl_049,INV-4549,exact,1.0,"UTR matched across bank, Razorpay settlement, and ERP invoice."
UTR8800050,stl_050,INV-4550,exact,1.0,"UTR matched across bank, Razorpay settlement, and ERP invoice."
UTR8800051,stl_051,INV-4551,exact,1.0,"UTR matched across bank, Razorpay settlement, and ERP invoice."
UTR8800052,stl_052,INV-4552,exact,1.0,"UTR matched across bank, Razorpay settlement, and ERP invoice."
UTR8800053,stl_053,INV-4553,exact,1.0,"UTR matched across bank, Razorpay settlement, and ERP invoice."
UTR8800054,stl_054,INV-4554,exact,1.0,"UTR matched across bank, Razorpay settlement, and ERP invoice."
UTR8800061,stl_061,INV-4561,exact,1.0,"UTR matched across bank, Razorpay settlement, and ERP invoice."
UTR8800063,stl_063,INV-4563,exact,1.0,"UTR matched across bank, Razorpay settlement, and ERP invoice."
UTR8800064,stl_064,INV-4564,exact,1.0,"UTR matched across bank, Razorpay settlement, and ERP invoice."
UTR8800066,stl_066,INV-4566,exact,1.0,"UTR matched across bank, Razorpay settlement, and ERP invoice."
UTR8800067,stl_067,INV-4567,exact,1.0,"UTR matched across bank, Razorpay settlement, and ERP invoice."
UTR8800068,stl_068,INV-4568,exact,1.0,"UTR matched across bank, Razorpay settlement, and ERP invoice."
UTR8800069,stl_069,INV-4569,exact,1.0,"UTR matched across bank, Razorpay settlement, and ERP invoice."
UTR8800070,stl_070,INV-4570,exact,1.0,"UTR matched across bank, Razorpay settlement, and ERP invoice."
UTR8800071,stl_071,INV-4571,exact,1.0,"UTR matched across bank, Razorpay settlement, and ERP invoice."
UTR8800072,stl_072,INV-4572,exact,1.0,"UTR matched across bank, Razorpay settlement, and ERP invoice."
UTR8800073,stl_073,INV-4573,exact,1.0,"UTR matched across bank, Razorpay settlement, and ERP invoice."
UTR8800074,stl_074,INV-4574,exact,1.0,"UTR matched across bank, Razorpay settlement, and ERP invoice."
UTR8800075,stl_075,INV-4575,exact,1.0,"UTR matched across bank, Razorpay settlement, and ERP invoice."
UTR8800079,stl_079,INV-4579,exact,1.0,"UTR matched across bank, Razorpay settlement, and ERP invoice."
UTR8800080,stl_080,INV-4580,exact,1.0,"UTR matched across bank, Razorpay settlement, and ERP invoice."
UTR8800081,stl_081,INV-4581,exact,1.0,"UTR matched across bank, Razorpay settlement, and ERP invoice."
UTR8800083,stl_083,INV-4583,exact,1.0,"UTR matched across bank, Razorpay settlement, and ERP invoice."
UTR8800084,stl_084,INV-4584,exact,1.0,"UTR matched across bank, Razorpay settlement, and ERP invoice."
UTR8800085,stl_085,INV-4585,exact,1.0,"UTR matched across bank, Razorpay settlement, and ERP invoice."
UTR8800086,stl_086,INV-4586,exact,1.0,"UTR matched across bank, Razorpay settlement, and ERP invoice."
UTR8800087,stl_087,INV-4587,exact,1.0,"UTR matched across bank, Razorpay settlement, and ERP invoice."
UTR8800088,stl_088,INV-4588,exact,1.0,"UTR matched across bank, Razorpay settlement, and ERP invoice."
UTR8800091,stl_091,INV-4591,exact,1.0,"UTR matched across bank, Razorpay settlement, and ERP invoice."
UTR8800092,stl_092,INV-4592,exact,1.0,"UTR matched across bank, Razorpay settlement, and ERP invoice."
UTR8800095,stl_095,INV-4595,exact,1.0,"UTR matched across bank, Razorpay settlement, and ERP invoice."
UTR8800097,stl_097,INV-4597,exact,1.0,"UTR matched across bank, Razorpay settlement, and ERP invoice."
UTR8800098,stl_098,INV-4598,exact,1.0,"UTR matched across bank, Razorpay settlement, and ERP invoice."
UTR8800099,stl_099,INV-4599,exact,1.0,"UTR matched across bank, Razorpay settlement, and ERP invoice."
UTR8800100,stl_100,INV-4600,exact,1.0,"UTR matched across bank, Razorpay settlement, and ERP invoice."
UTR8800102,stl_102,INV-4602,exact,1.0,"UTR matched across bank, Razorpay settlement, and ERP invoice."
UTR8800103,stl_103,INV-4603,exact,1.0,"UTR matched across bank, Razorpay settlement, and ERP invoice."
UTR8800104,stl_104,INV-4604,exact,1.0,"UTR matched across bank, Razorpay settlement, and ERP invoice."
UTR8800105,stl_105,INV-4605,exact,1.0,"UTR matched across bank, Razorpay settlement, and ERP invoice."
UTR8800106,stl_106,INV-4606,exact,1.0,"UTR matched across bank, Razorpay settlement, and ERP invoice."
UTR8800107,stl_107,INV-4607,exact,1.0,"UTR matched across bank, Razorpay settlement, and ERP invoice."
UTR8800108,stl_108,INV-4608,exact,1.0,"UTR matched across bank, Razorpay settlement, and ERP invoice."
UTR8800109,stl_109,INV-4609,exact,1.0,"UTR matched across bank, Razorpay settlement, and ERP invoice."
UTR8800110,stl_110,INV-4610,exact,1.0,"UTR matched across bank, Razorpay settlement, and ERP invoice."
UTR8800111,stl_111,INV-4611,exact,1.0,"UTR matched across bank, Razorpay settlement, and ERP invoice."
UTR8800112,stl_112,INV-4612,exact,1.0,"UTR matched across bank, Razorpay settlement, and ERP invoice."
UTR8800113,stl_113,INV-4613,exact,1.0,"UTR matched across bank, Razorpay settlement, and ERP invoice."
UTR8800115,stl_115,INV-4615,exact,1.0,"UTR matched across bank, Razorpay settlement, and ERP invoice."
UTR8800117,stl_117,INV-4617,exact,1.0,"UTR matched across bank, Razorpay settlement, and ERP invoice."
UTR8800118,stl_118,INV-4618,exact,1.0,"UTR matched across bank, Razorpay settlement, and ERP invoice."
UTR8800119,stl_119,INV-4619,exact,1.0,"UTR matched across bank, Razorpay settlement, and ERP invoice."
UTR8800120,stl_120,INV-4620,exact,1.0,"UTR matched across bank, Razorpay settlement, and ERP invoice."
UTR8800121,stl_121,INV-4621,exact,1.0,"UTR matched across bank, Razorpay settlement, and ERP invoice."
UTR8800124,stl_124,INV-4624,exact,1.0,"UTR matched across bank, Razorpay settlement, and ERP invoice."
UTR8800125,stl_125,INV-4625,exact,1.0,"UTR matched across bank, Razorpay settlement, and ERP invoice."
UTR8800126,stl_126,INV-4626,exact,1.0,"UTR matched across bank, Razorpay settlement, and ERP invoice."
UTR8800127,stl_127,INV-4627,exact,1.0,"UTR matched across bank, Razorpay settlement, and ERP invoice."
UTR8800128,stl_128,INV-4628,exact,1.0,"UTR matched across bank, Razorpay settlement, and ERP invoice."
UTR8800130,stl_130,INV-4630,exact,1.0,"UTR matched across bank, Razorpay settlement, and ERP invoice."
UTR8800131,stl_131,INV-4631,exact,1.0,"UTR matched across bank, Razorpay settlement, and ERP invoice."
UTR8800132,stl_132,INV-4632,exact,1.0,"UTR matched across bank, Razorpay settlement, and ERP invoice."
UTR8800136,stl_136,INV-4636,exact,1.0,"UTR matched across bank, Razorpay settlement, and ERP invoice."
UTR8800138,stl_138,INV-4638,exact,1.0,"UTR matched across bank, Razorpay settlement, and ERP invoice."
UTR8800139,stl_139,INV-4639,exact,1.0,"UTR matched across bank, Razorpay settlement, and ERP invoice."
UTR8800141,stl_141,INV-4641,exact,1.0,"UTR matched across bank, Razorpay settlement, and ERP invoice."
UTR8800142,stl_142,INV-4642,exact,1.0,"UTR matched across bank, Razorpay settlement, and ERP invoice."
UTR8800143,stl_143,INV-4643,exact,1.0,"UTR matched across bank, Razorpay settlement, and ERP invoice."
UTR8800144,stl_144,INV-4644,exact,1.0,"UTR matched across bank, Razorpay settlement, and ERP invoice."
UTR8800145,stl_145,INV-4645,exact,1.0,"UTR matched across bank, Razorpay settlement, and ERP invoice."
UTR8800147,stl_147,INV-4647,exact,1.0,"UTR matched across bank, Razorpay settlement, and ERP invoice."
UTR8800149,stl_149,INV-4649,exact,1.0,"UTR matched across bank, Razorpay settlement, and ERP invoice."
UTR8800150,stl_150,INV-4650,exact,1.0,"UTR matched across bank, Razorpay settlement, and ERP invoice."
UTR8800151,stl_151,INV-4651,exact,1.0,"UTR matched across bank, Razorpay settlement, and ERP invoice."
UTR8800152,stl_152,INV-4652,exact,1.0,"UTR matched across bank, Razorpay settlement, and ERP invoice."
UTR8800155,stl_155,INV-4655,exact,1.0,"UTR matched across bank, Razorpay settlement, and ERP invoice."
UTR8800156,stl_156,INV-4656,exact,1.0,"UTR matched across bank, Razorpay settlement, and ERP invoice."
UTR8800157,stl_157,INV-4657,exact,1.0,"UTR matched across bank, Razorpay settlement, and ERP invoice."
UTR8800158,stl_158,INV-4658,exact,1.0,"UTR matched across bank, Razorpay settlement, and ERP invoice."
UTR8800160,stl_160,INV-4660,exact,1.0,"UTR matched across bank, Razorpay settlement, and ERP invoice."
UTR8800161,stl_161,INV-4661,exact,1.0,"UTR matched across bank, Razorpay settlement, and ERP invoice."
UTR8800162,stl_162,INV-4662,exact,1.0,"UTR matched across bank, Razorpay settlement, and ERP invoice."
UTR8800163,stl_163,INV-4663,exact,1.0,"UTR matched across bank, Razorpay settlement, and ERP invoice."
UTR8800164,stl_164,INV-4664,exact,1.0,"UTR matched across bank, Razorpay settlement, and ERP invoice."
UTR8800166,stl_166,INV-4666,exact,1.0,"UTR matched across bank, Razorpay settlement, and ERP invoice."
UTR8800167,stl_167,INV-4667,exact,1.0,"UTR matched across bank, Razorpay settlement, and ERP invoice."
UTR8800168,stl_168,INV-4668,exact,1.0,"UTR matched across bank, Razorpay settlement, and ERP invoice."
UTR8800169,stl_169,INV-4669,exact,1.0,"UTR matched across bank, Razorpay settlement, and ERP invoice."
UTR8800171,stl_171,INV-4671,exact,1.0,"UTR matched across bank, Razorpay settlement, and ERP invoice."
UTR8800173,stl_173,INV-4673,exact,1.0,"UTR matched across bank, Razorpay settlement, and ERP invoice."
UTR8800174,stl_174,INV-4674,exact,1.0,"UTR matched across bank, Razorpay settlement, and ERP invoice."
UTR8800175,stl_175,INV-4675,exact,1.0,"UTR matched across bank, Razorpay settlement, and ERP invoice."
UTR8800177,stl_177,INV-4677,exact,1.0,"UTR matched across bank, Razorpay settlement, and ERP invoice."
UTR8800178,stl_178,INV-4678,exact,1.0,"UTR matched across bank, Razorpay settlement, and ERP invoice."
UTR8800179,stl_179,INV-4679,exact,1.0,"UTR matched across bank, Razorpay settlement, and ERP invoice."
UTR8800181,stl_181,INV-4681,exact,1.0,"UTR matched across bank, Razorpay settlement, and ERP invoice."
UTR8800182,stl_182,INV-4682,exact,1.0,"UTR matched across bank, Razorpay settlement, and ERP invoice."
UTR8800183,stl_183,INV-4683,exact,1.0,"UTR matched across bank, Razorpay settlement, and ERP invoice."
UTR8800184,stl_184,INV-4684,exact,1.0,"UTR matched across bank, Razorpay settlement, and ERP invoice."
UTR8800187,stl_187,INV-4687,exact,1.0,"UTR matched across bank, Razorpay settlement, and ERP invoice."
UTR8800188,stl_188,INV-4688,exact,1.0,"UTR matched across bank, Razorpay settlement, and ERP invoice."
UTR8800189,stl_189,INV-4689,exact,1.0,"UTR matched across bank, Razorpay settlement, and ERP invoice."
UTR8800193,stl_193,INV-4693,exact,1.0,"UTR matched across bank, Razorpay settlement, and ERP invoice."
UTR8800194,stl_194,INV-4694,exact,1.0,"UTR matched across bank, Razorpay settlement, and ERP invoice."
UTR8800195,stl_195,INV-4695,exact,1.0,"UTR matched across bank, Razorpay settlement, and ERP invoice."
UTR8800196,stl_196,INV-4696,exact,1.0,"UTR matched across bank, Razorpay settlement, and ERP invoice."
UTR8800197,stl_197,INV-4697,exact,1.0,"UTR matched across bank, Razorpay settlement, and ERP invoice."
UTR8800198,stl_198,INV-4698,exact,1.0,"UTR matched across bank, Razorpay settlement, and ERP invoice."
UTR8800199,stl_199,INV-4699,exact,1.0,"UTR matched across bank, Razorpay settlement, and ERP invoice."
UTR8800200,stl_200,INV-4700,exact,1.0,"UTR matched across bank, Razorpay settlement, and ERP invoice."
UTR8800201,stl_201,INV-4701,exact,1.0,"UTR matched across bank, Razorpay settlement, and ERP invoice."
UTR8800202,stl_202,INV-4702,exact,1.0,"UTR matched across bank, Razorpay settlement, and ERP invoice."
UTR8800203,stl_203,INV-4703,exact,1.0,"UTR matched across bank, Razorpay settlement, and ERP invoice."
UTR8800204,stl_204,INV-4704,exact,1.0,"UTR matched across bank, Razorpay settlement, and ERP invoice."
UTR8800205,stl_205,INV-4705,exact,1.0,"UTR matched across bank, Razorpay settlement, and ERP invoice."
UTR8800206,stl_206,INV-4706,exact,1.0,"UTR matched across bank, Razorpay settlement, and ERP invoice."
UTR8800207,stl_207,INV-4707,exact,1.0,"UTR matched across bank, Razorpay settlement, and ERP invoice."
UTR8800208,stl_208,INV-4708,exact,1.0,"UTR matched across bank, Razorpay settlement, and ERP invoice."
UTR8800209,stl_209,INV-4709,exact,1.0,"UTR matched across bank, Razorpay settlement, and ERP invoice."
UTR8800210,stl_210,INV-4710,exact,1.0,"UTR matched across bank, Razorpay settlement, and ERP invoice."
UTR8800211,stl_211,INV-4711,exact,1.0,"UTR matched across bank, Razorpay settlement, and ERP invoice."
UTR8800213,stl_213,INV-4713,exact,1.0,"UTR matched across bank, Razorpay settlement, and ERP invoice."
UTR8800214,stl_214,INV-4714,exact,1.0,"UTR matched across bank, Razorpay settlement, and ERP invoice."
UTR8800215,stl_215,INV-4715,exact,1.0,"UTR matched across bank, Razorpay settlement, and ERP invoice."
UTR8800216,stl_216,INV-4716,exact,1.0,"UTR matched across bank, Razorpay settlement, and ERP invoice."
UTR8800217,stl_217,INV-4717,exact,1.0,"UTR matched across bank, Razorpay settlement, and ERP invoice."
UTR8800218,stl_218,INV-4718,exact,1.0,"UTR matched across bank, Razorpay settlement, and ERP invoice."
UTR8800219,stl_219,INV-4719,exact,1.0,"UTR matched across bank, Razorpay settlement, and ERP invoice."
UTR8800220,stl_220,INV-4720,exact,1.0,"UTR matched across bank, Razorpay settlement, and ERP invoice."
UTR8800222,stl_222,INV-4722,exact,1.0,"UTR matched across bank, Razorpay settlement, and ERP invoice."
UTR8800223,stl_223,INV-4723,exact,1.0,"UTR matched across bank, Razorpay settlement, and ERP invoice."
UTR8800225,stl_225,INV-4725,exact,1.0,"UTR matched across bank, Razorpay settlement, and ERP invoice."
UTR8800228,stl_228,INV-4728,exact,1.0,"UTR matched across bank, Razorpay settlement, and ERP invoice."
UTR8800229,stl_229,INV-4729,exact,1.0,"UTR matched across bank, Razorpay settlement, and ERP invoice."
UTR8800230,stl_230,INV-4730,exact,1.0,"UTR matched across bank, Razorpay settlement, and ERP invoice."
UTR8800231,stl_231,INV-4731,exact,1.0,"UTR matched across bank, Razorpay settlement, and ERP invoice."
UTR8800233,stl_233,INV-4733,exact,1.0,"UTR matched across bank, Razorpay settlement, and ERP invoice."
UTR8800234,stl_234,INV-4734,exact,1.0,"UTR matched across bank, Razorpay settlement, and ERP invoice."
UTR8800236,stl_236,INV-4736,exact,1.0,"UTR matched across bank, Razorpay settlement, and ERP invoice."
UTR8800237,stl_237,INV-4737,exact,1.0,"UTR matched across bank, Razorpay settlement, and ERP invoice."
UTR8800238,stl_238,INV-4738,exact,1.0,"UTR matched across bank, Razorpay settlement, and ERP invoice."
UTR8800239,stl_239,INV-4739,exact,1.0,"UTR matched across bank, Razorpay settlement, and ERP invoice."
UTR8800240,stl_240,INV-4740,exact,1.0,"UTR matched across bank, Razorpay settlement, and ERP invoice."
UTR8800242,stl_242,INV-4742,exact,1.0,"UTR matched across bank, Razorpay settlement, and ERP invoice."
UTR8800245,stl_245,INV-4745,exact,1.0,"UTR matched across bank, Razorpay settlement, and ERP invoice."
UTR8800248,stl_248,INV-4748,exact,1.0,"UTR matched across bank, Razorpay settlement, and ERP invoice."
UTR8800250,stl_250,INV-4750,exact,1.0,"UTR matched across bank, Razorpay settlement, and ERP invoice."
UTR8800252,stl_252,INV-4752,exact,1.0,"UTR matched across bank, Razorpay settlement, and ERP invoice."
UTR8800253,stl_253,INV-4753,exact,1.0,"UTR matched across bank, Razorpay settlement, and ERP invoice."
UTR8800255,stl_255,INV-4755,exact,1.0,"UTR matched across bank, Razorpay settlement, and ERP invoice."
UTR8800256,stl_256,INV-4756,exact,1.0,"UTR matched across bank, Razorpay settlement, and ERP invoice."
UTR8800257,stl_257,INV-4757,exact,1.0,"UTR matched across bank, Razorpay settlement, and ERP invoice."
UTR8800258,stl_258,INV-4758,exact,1.0,"UTR matched across bank, Razorpay settlement, and ERP invoice."
UTR8800259,stl_259,INV-4759,exact,1.0,"UTR matched across bank, Razorpay settlement, and ERP invoice."
UTR8800260,stl_260,INV-4760,exact,1.0,"UTR matched across bank, Razorpay settlement, and ERP invoice."
UTR8800262,stl_262,INV-4762,exact,1.0,"UTR matched across bank, Razorpay settlement, and ERP invoice."
UTR8800263,stl_263,INV-4763,exact,1.0,"UTR matched across bank, Razorpay settlement, and ERP invoice."
UTR8800264,stl_264,INV-4764,exact,1.0,"UTR matched across bank, Razorpay settlement, and ERP invoice."
UTR8800266,stl_266,INV-4766,exact,1.0,"UTR matched across bank, Razorpay settlement, and ERP invoice."
UTR8800267,stl_267,INV-4767,exact,1.0,"UTR matched across bank, Razorpay settlement, and ERP invoice."
UTR8800268,stl_268,INV-4768,exact,1.0,"UTR matched across bank, Razorpay settlement, and ERP invoice."
UTR8800269,stl_269,INV-4769,exact,1.0,"UTR matched across bank, Razorpay settlement, and ERP invoice."
UTR8800270,stl_270,INV-4770,exact,1.0,"UTR matched across bank, Razorpay settlement, and ERP invoice."
UTR8800273,stl_273,INV-4773,exact,1.0,"UTR matched across bank, Razorpay settlement, and ERP invoice."
UTR8800275,stl_275,INV-4775,exact,1.0,"UTR matched across bank, Razorpay settlement, and ERP invoice."
UTR8800277,stl_277,INV-4777,exact,1.0,"UTR matched across bank, Razorpay settlement, and ERP invoice."
UTR8800280,stl_280,INV-4780,exact,1.0,"UTR matched across bank, Razorpay settlement, and ERP invoice."
UTR8800281,stl_281,INV-4781,exact,1.0,"UTR matched across bank, Razorpay settlement, and ERP invoice."
UTR8800282,stl_282,INV-4782,exact,1.0,"UTR matched across bank, Razorpay settlement, and ERP invoice."
UTR8800284,stl_284,INV-4784,exact,1.0,"UTR matched across bank, Razorpay settlement, and ERP invoice."
UTR8800285,stl_285,INV-4785,exact,1.0,"UTR matched across bank, Razorpay settlement, and ERP invoice."
UTR8800287,stl_287,INV-4787,exact,1.0,"UTR matched across bank, Razorpay settlement, and ERP invoice."
UTR8800288,stl_288,INV-4788,exact,1.0,"UTR matched across bank, Razorpay settlement, and ERP invoice."
UTR8800289,stl_289,INV-4789,exact,1.0,"UTR matched across bank, Razorpay settlement, and ERP invoice."
UTR8800290,stl_290,INV-4790,exact,1.0,"UTR matched across bank, Razorpay settlement, and ERP invoice."
UTR8800291,stl_291,INV-4791,exact,1.0,"UTR matched across bank, Razorpay settlement, and ERP invoice."
UTR8800292,stl_292,INV-4792,exact,1.0,"UTR matched across bank, Razorpay settlement, and ERP invoice."
UTR8800296,stl_296,INV-4796,exact,1.0,"UTR matched across bank, Razorpay settlement, and ERP invoice."
UTR8800297,stl_297,INV-4797,exact,1.0,"UTR matched across bank, Razorpay settlement, and ERP invoice."
UTR8800298,stl_298,INV-4798,exact,1.0,"UTR matched across bank, Razorpay settlement, and ERP invoice."
UTR8800299,stl_299,INV-4799,exact,1.0,"UTR matched across bank, Razorpay settlement, and ERP invoice."
UTR8800300,stl_300,INV-4800,exact,1.0,"UTR matched across bank, Razorpay settlement, and ERP invoice."
UTR8800301,stl_301,INV-4801,exact,1.0,"UTR matched across bank, Razorpay settlement, and ERP invoice."
UTR8800302,stl_302,INV-4802,exact,1.0,"UTR matched across bank, Razorpay settlement, and ERP invoice."
UTR8800303,stl_303,INV-4803,exact,1.0,"UTR matched across bank, Razorpay settlement, and ERP invoice."
UTR8800305,stl_305,INV-4805,exact,1.0,"UTR matched across bank, Razorpay settlement, and ERP invoice."
UTR8800306,stl_306,INV-4806,exact,1.0,"UTR matched across bank, Razorpay settlement, and ERP invoice."
UTR8800307,stl_307,INV-4807,exact,1.0,"UTR matched across bank, Razorpay settlement, and ERP invoice."
UTR8800308,stl_308,INV-4808,exact,1.0,"UTR matched across bank, Razorpay settlement, and ERP invoice."
UTR8800310,stl_310,INV-4810,exact,1.0,"UTR matched across bank, Razorpay settlement, and ERP invoice."
UTR8800311,stl_311,INV-4811,exact,1.0,"UTR matched across bank, Razorpay settlement, and ERP invoice."
UTR8800312,stl_312,INV-4812,exact,1.0,"UTR matched across bank, Razorpay settlement, and ERP invoice."
UTR8800313,stl_313,INV-4813,exact,1.0,"UTR matched across bank, Razorpay settlement, and ERP invoice."
UTR8800314,stl_314,INV-4814,exact,1.0,"UTR matched across bank, Razorpay settlement, and ERP invoice."
UTR8800315,stl_315,INV-4815,exact,1.0,"UTR matched across bank, Razorpay settlement, and ERP invoice."
UTR8800316,stl_316,INV-4816,exact,1.0,"UTR matched across bank, Razorpay settlement, and ERP invoice."
UTR8800317,stl_317,INV-4817,exact,1.0,"UTR matched across bank, Razorpay settlement, and ERP invoice."
UTR8800318,stl_318,INV-4818,exact,1.0,"UTR matched across bank, Razorpay settlement, and ERP invoice."
UTR8800319,stl_319,INV-4819,exact,1.0,"UTR matched across bank, Razorpay settlement, and ERP invoice."
UTR8800320,stl_320,INV-4820,exact,1.0,"UTR matched across bank, Razorpay settlement, and ERP invoice."
UTR8800321,stl_321,INV-4821,exact,1.0,"UTR matched across bank, Razorpay settlement, and ERP invoice."
UTR8800322,stl_322,INV-4822,exact,1.0,"UTR matched across bank, Razorpay settlement, and ERP invoice."
UTR8800323,stl_323,INV-4823,exact,1.0,"UTR matched across bank, Razorpay settlement, and ERP invoice."
UTR8800324,stl_324,INV-4824,exact,1.0,"UTR matched across bank, Razorpay settlement, and ERP invoice."
UTR8800326,stl_326,INV-4826,exact,1.0,"UTR matched across bank, Razorpay settlement, and ERP invoice."
UTR8800327,stl_327,INV-4827,exact,1.0,"UTR matched across bank, Razorpay settlement, and ERP invoice."
UTR8800328,stl_328,INV-4828,exact,1.0,"UTR matched across bank, Razorpay settlement, and ERP invoice."
UTR8800329,stl_329,INV-4829,exact,1.0,"UTR matched across bank, Razorpay settlement, and ERP invoice."
UTR8800331,stl_331,INV-4831,exact,1.0,"UTR matched across bank, Razorpay settlement, and ERP invoice."
UTR8800332,stl_332,INV-4832,exact,1.0,"UTR matched across bank, Razorpay settlement, and ERP invoice."
UTR8800333,stl_333,INV-4833,exact,1.0,"UTR matched across bank, Razorpay settlement, and ERP invoice."
UTR8800334,stl_334,INV-4834,exact,1.0,"UTR matched across bank, Razorpay settlement, and ERP invoice."
UTR8800336,stl_336,INV-4836,exact,1.0,"UTR matched across bank, Razorpay settlement, and ERP invoice."
UTR8800338,stl_338,INV-4838,exact,1.0,"UTR matched across bank, Razorpay settlement, and ERP invoice."
UTR8800340,stl_340,INV-4840,exact,1.0,"UTR matched across bank, Razorpay settlement, and ERP invoice."
UTR8800343,stl_343,INV-4843,exact,1.0,"UTR matched across bank, Razorpay settlement, and ERP invoice."
UTR8800344,stl_344,INV-4844,exact,1.0,"UTR matched across bank, Razorpay settlement, and ERP invoice."
UTR8800345,stl_345,INV-4845,exact,1.0,"UTR matched across bank, Razorpay settlement, and ERP invoice."
UTR8800346,stl_346,INV-4846,exact,1.0,"UTR matched across bank, Razorpay settlement, and ERP invoice."
UTR8800347,stl_347,INV-4847,exact,1.0,"UTR matched across bank, Razorpay settlement, and ERP invoice."
UTR8800351,stl_351,INV-4851,exact,1.0,"UTR matched across bank, Razorpay settlement, and ERP invoice."
UTR8800352,stl_352,INV-4852,exact,1.0,"UTR matched across bank, Razorpay settlement, and ERP invoice."
UTR8800353,stl_353,INV-4853,exact,1.0,"UTR matched across bank, Razorpay settlement, and ERP invoice."
UTR8800354,stl_354,INV-4854,exact,1.0,"UTR matched across bank, Razorpay settlement, and ERP invoice."
UTR8800355,stl_355,INV-4855,exact,1.0,"UTR matched across bank, Razorpay settlement, and ERP invoice."
UTR8800356,stl_356,INV-4856,exact,1.0,"UTR matched across bank, Razorpay settlement, and ERP invoice."
UTR8800357,stl_357,INV-4857,exact,1.0,"UTR matched across bank, Razorpay settlement, and ERP invoice."
UTR8800359,stl_359,INV-4859,exact,1.0,"UTR matched across bank, Razorpay settlement, and ERP invoice."
UTR8800360,stl_360,INV-4860,exact,1.0,"UTR matched across bank, Razorpay settlement, and ERP invoice."
UTR8800361,stl_361,INV-4861,exact,1.0,"UTR matched across bank, Razorpay settlement, and ERP invoice."
UTR8800362,stl_362,INV-4862,exact,1.0,"UTR matched across bank, Razorpay settlement, and ERP invoice."
UTR8800364,stl_364,INV-4864,exact,1.0,"UTR matched across bank, Razorpay settlement, and ERP invoice."
UTR8800365,stl_365,INV-4865,exact,1.0,"UTR matched across bank, Razorpay settlement, and ERP invoice."
UTR8800366,stl_366,INV-4866,exact,1.0,"UTR matched across bank, Razorpay settlement, and ERP invoice."
UTR8800367,stl_367,INV-4867,exact,1.0,"UTR matched across bank, Razorpay settlement, and ERP invoice."
UTR8800368,stl_368,INV-4868,exact,1.0,"UTR matched across bank, Razorpay settlement, and ERP invoice."
UTR8800369,stl_369,INV-4869,exact,1.0,"UTR matched across bank, Razorpay settlement, and ERP invoice."
UTR8800371,stl_371,INV-4871,exact,1.0,"UTR matched across bank, Razorpay settlement, and ERP invoice."
UTR8800372,stl_372,INV-4872,exact,1.0,"UTR matched across bank, Razorpay settlement, and ERP invoice."
UTR8800373,stl_373,INV-4873,exact,1.0,"UTR matched across bank, Razorpay settlement, and ERP invoice."
UTR8800374,stl_374,INV-4874,exact,1.0,"UTR matched across bank, Razorpay settlement, and ERP invoice."
UTR8800375,stl_375,INV-4875,exact,1.0,"UTR matched across bank, Razorpay settlement, and ERP invoice."
UTR8800376,stl_376,INV-4876,exact,1.0,"UTR matched across bank, Razorpay settlement, and ERP invoice."
UTR8800377,stl_377,INV-4877,exact,1.0,"UTR matched across bank, Razorpay settlement, and ERP invoice."
UTR8800378,stl_378,INV-4878,exact,1.0,"UTR matched across bank, Razorpay settlement, and ERP invoice."
UTR8800379,stl_379,INV-4879,exact,1.0,"UTR matched across bank, Razorpay settlement, and ERP invoice."
UTR8800380,stl_380,INV-4880,exact,1.0,"UTR matched across bank, Razorpay settlement, and ERP invoice."
UTR8800381,stl_381,INV-4881,exact,1.0,"UTR matched across bank, Razorpay settlement, and ERP invoice."
UTR8800382,stl_382,INV-4882,exact,1.0,"UTR matched across bank, Razorpay settlement, and ERP invoice."
UTR8800385,stl_385,INV-4885,exact,1.0,"UTR matched across bank, Razorpay settlement, and ERP invoice."
UTR8800386,stl_386,INV-4886,exact,1.0,"UTR matched across bank, Razorpay settlement, and ERP invoice."
UTR8800387,stl_387,INV-4887,exact,1.0,"UTR matched across bank, Razorpay settlement, and ERP invoice."
UTR8800388,stl_388,INV-4888,exact,1.0,"UTR matched across bank, Razorpay settlement, and ERP invoice."
UTR8800389,stl_389,INV-4889,exact,1.0,"UTR matched across bank, Razorpay settlement, and ERP invoice."
UTR8800391,stl_391,INV-4891,exact,1.0,"UTR matched across bank, Razorpay settlement, and ERP invoice."
UTR8800393,stl_393,INV-4893,exact,1.0,"UTR matched across bank, Razorpay settlement, and ERP invoice."
UTR8800394,stl_394,INV-4894,exact,1.0,"UTR matched across bank, Razorpay settlement, and ERP invoice."
UTR8800395,stl_395,INV-4895,exact,1.0,"UTR matched across bank, Razorpay settlement, and ERP invoice."
UTR8800396,stl_396,INV-4896,exact,1.0,"UTR matched across bank, Razorpay settlement, and ERP invoice."
UTR8800397,stl_397,INV-4897,exact,1.0,"UTR matched across bank, Razorpay settlement, and ERP invoice."
UTR8800398,stl_398,INV-4898,exact,1.0,"UTR matched across bank, Razorpay settlement, and ERP invoice."
UTR8800399,stl_399,INV-4899,exact,1.0,"UTR matched across bank, Razorpay settlement, and ERP invoice."
UTR8800400,stl_400,INV-4900,exact,1.0,"UTR matched across bank, Razorpay settlement, and ERP invoice."
UTR8800401,stl_401,INV-4901,exact,1.0,"UTR matched across bank, Razorpay settlement, and ERP invoice."
UTR8800402,stl_402,INV-4902,exact,1.0,"UTR matched across bank, Razorpay settlement, and ERP invoice."
UTR8800404,stl_404,INV-4904,exact,1.0,"UTR matched across bank, Razorpay settlement, and ERP invoice."
UTR8800406,stl_406,INV-4906,exact,1.0,"UTR matched across bank, Razorpay settlement, and ERP invoice."
UTR8800408,stl_408,INV-4908,exact,1.0,"UTR matched across bank, Razorpay settlement, and ERP invoice."
UTR8800409,stl_409,INV-4909,exact,1.0,"UTR matched across bank, Razorpay settlement, and ERP invoice."
UTR8800411,stl_411,INV-4911,exact,1.0,"UTR matched across bank, Razorpay settlement, and ERP invoice."
UTR8800413,stl_413,INV-4913,exact,1.0,"UTR matched across bank, Razorpay settlement, and ERP invoice."
UTR8800415,stl_415,INV-4915,exact,1.0,"UTR matched across bank, Razorpay settlement, and ERP invoice."
UTR8800416,stl_416,INV-4916,exact,1.0,"UTR matched across bank, Razorpay settlement, and ERP invoice."
UTR8800418,stl_418,INV-4918,exact,1.0,"UTR matched across bank, Razorpay settlement, and ERP invoice."
UTR8800419,stl_419,INV-4919,exact,1.0,"UTR matched across bank, Razorpay settlement, and ERP invoice."
UTR8800421,stl_421,INV-4921,exact,1.0,"UTR matched across bank, Razorpay settlement, and ERP invoice."
UTR8800422,stl_422,INV-4922,exact,1.0,"UTR matched across bank, Razorpay settlement, and ERP invoice."
UTR8800423,stl_423,INV-4923,exact,1.0,"UTR matched across bank, Razorpay settlement, and ERP invoice."
UTR8800424,stl_424,INV-4924,exact,1.0,"UTR matched across bank, Razorpay settlement, and ERP invoice."
UTR8800425,stl_425,INV-4925,exact,1.0,"UTR matched across bank, Razorpay settlement, and ERP invoice."
UTR8800426,stl_426,INV-4926,exact,1.0,"UTR matched across bank, Razorpay settlement, and ERP invoice."
UTR8800427,stl_427,INV-4927,exact,1.0,"UTR matched across bank, Razorpay settlement, and ERP invoice."
UTR8800429,stl_429,INV-4929,exact,1.0,"UTR matched across bank, Razorpay settlement, and ERP invoice."
UTR8800430,stl_430,INV-4930,exact,1.0,"UTR matched across bank, Razorpay settlement, and ERP invoice."
UTR8800431,stl_431,INV-4931,exact,1.0,"UTR matched across bank, Razorpay settlement, and ERP invoice."
UTR8800432,stl_432,INV-4932,exact,1.0,"UTR matched across bank, Razorpay settlement, and ERP invoice."
UTR8800433,stl_433,INV-4933,exact,1.0,"UTR matched across bank, Razorpay settlement, and ERP invoice."
UTR8800434,stl_434,INV-4934,exact,1.0,"UTR matched across bank, Razorpay settlement, and ERP invoice."
UTR8800435,stl_435,INV-4935,exact,1.0,"UTR matched across bank, Razorpay settlement, and ERP invoice."
UTR8800436,stl_436,INV-4936,exact,1.0,"UTR matched across bank, Razorpay settlement, and ERP invoice."
UTR8800437,stl_437,INV-4937,exact,1.0,"UTR matched across bank, Razorpay settlement, and ERP invoice."
UTR8800441,stl_441,INV-4941,exact,1.0,"UTR matched across bank, Razorpay settlement, and ERP invoice."
UTR8800443,stl_443,INV-4943,exact,1.0,"UTR matched across bank, Razorpay settlement, and ERP invoice."
UTR8800445,stl_445,INV-4945,exact,1.0,"UTR matched across bank, Razorpay settlement, and ERP invoice."
UTR8800446,stl_446,INV-4946,exact,1.0,"UTR matched across bank, Razorpay settlement, and ERP invoice."
UTR8800451,stl_451,INV-4951,exact,1.0,"UTR matched across bank, Razorpay settlement, and ERP invoice."
UTR8800453,stl_453,INV-4953,exact,1.0,"UTR matched across bank, Razorpay settlement, and ERP invoice."
UTR8800454,stl_454,INV-4954,exact,1.0,"UTR matched across bank, Razorpay settlement, and ERP invoice."
UTR8800455,stl_455,INV-4955,exact,1.0,"UTR matched across bank, Razorpay settlement, and ERP invoice."
UTR8800456,stl_456,INV-4956,exact,1.0,"UTR matched across bank, Razorpay settlement, and ERP invoice."
UTR8800457,stl_457,INV-4957,exact,1.0,"UTR matched across bank, Razorpay settlement, and ERP invoice."
UTR8800458,stl_458,INV-4958,exact,1.0,"UTR matched across bank, Razorpay settlement, and ERP invoice."
UTR8800459,stl_459,INV-4959,exact,1.0,"UTR matched across bank, Razorpay settlement, and ERP invoice."
UTR8800461,stl_461,INV-4961,exact,1.0,"UTR matched across bank, Razorpay settlement, and ERP invoice."
UTR8800462,stl_462,INV-4962,exact,1.0,"UTR matched across bank, Razorpay settlement, and ERP invoice."
UTR8800464,stl_464,INV-4964,exact,1.0,"UTR matched across bank, Razorpay settlement, and ERP invoice."
UTR8800466,stl_466,INV-4966,exact,1.0,"UTR matched across bank, Razorpay settlement, and ERP invoice."
UTR8800467,stl_467,INV-4967,exact,1.0,"UTR matched across bank, Razorpay settlement, and ERP invoice."
UTR8800469,stl_469,INV-4969,exact,1.0,"UTR matched across bank, Razorpay settlement, and ERP invoice."
UTR8800470,stl_470,INV-4970,exact,1.0,"UTR matched across bank, Razorpay settlement, and ERP invoice."
UTR8800471,stl_471,INV-4971,exact,1.0,"UTR matched across bank, Razorpay settlement, and ERP invoice."
UTR8800472,stl_472,INV-4972,exact,1.0,"UTR matched across bank, Razorpay settlement, and ERP invoice."
UTR8800474,stl_474,INV-4974,exact,1.0,"UTR matched across bank, Razorpay settlement, and ERP invoice."
UTR8800475,stl_475,INV-4975,exact,1.0,"UTR matched across bank, Razorpay settlement, and ERP invoice."
UTR8800476,stl_476,INV-4976,exact,1.0,"UTR matched across bank, Razorpay settlement, and ERP invoice."
UTR8800477,stl_477,INV-4977,exact,1.0,"UTR matched across bank, Razorpay settlement, and ERP invoice."
UTR8800478,stl_478,INV-4978,exact,1.0,"UTR matched across bank, Razorpay settlement, and ERP invoice."
UTR8800480,stl_480,INV-4980,exact,1.0,"UTR matched across bank, Razorpay settlement, and ERP invoice."
UTR8800481,stl_481,INV-4981,exact,1.0,"UTR matched across bank, Razorpay settlement, and ERP invoice."
UTR8800482,stl_482,INV-4982,exact,1.0,"UTR matched across bank, Razorpay settlement, and ERP invoice."
UTR8800483,stl_483,INV-4983,exact,1.0,"UTR matched across bank, Razorpay settlement, and ERP invoice."
UTR8800487,stl_487,INV-4987,exact,1.0,"UTR matched across bank, Razorpay settlement, and ERP invoice."
UTR8800488,stl_488,INV-4988,exact,1.0,"UTR matched across bank, Razorpay settlement, and ERP invoice."
UTR8800489,stl_489,INV-4989,exact,1.0,"UTR matched across bank, Razorpay settlement, and ERP invoice."
UTR8800490,stl_490,INV-4990,exact,1.0,"UTR matched across bank, Razorpay settlement, and ERP invoice."
UTR8800491,stl_491,INV-4991,exact,1.0,"UTR matched across bank, Razorpay settlement, and ERP invoice."
UTR8800492,stl_492,INV-4992,exact,1.0,"UTR matched across bank, Razorpay settlement, and ERP invoice."
UTR8800493,stl_493,INV-4993,exact,1.0,"UTR matched across bank, Razorpay settlement, and ERP invoice."
UTR8800494,stl_494,INV-4994,exact,1.0,"UTR matched across bank, Razorpay settlement, and ERP invoice."
UTR8800498,stl_498,INV-4998,exact,1.0,"UTR matched across bank, Razorpay settlement, and ERP invoice."
UTR8800499,stl_499,INV-4999,exact,1.0,"UTR matched across bank, Razorpay settlement, and ERP invoice."
UTR8800500,stl_500,INV-5000,exact,1.0,"UTR matched across bank, Razorpay settlement, and ERP invoice."
