settlement_id,payment_id,order_id,customer_name,order_amount,fee,gst,net_amount,settlement_date,utr_ref
stl_001,pay_29001xA,order_88001x,Flipkart Internet Pvt Ltd,612.55,15.31,2.76,594.48,2026-08-09,UTR8800001
stl_002,pay_29002xA,order_88002x,Flipkart Internet Pvt Ltd,3157.22,81.04,14.21,3061.97,2026-08-09,UTR8800002
stl_003,pay_29003xA,order_88003x,Zomato Ltd,3722.09,93.05,16.75,3612.29,2026-08-15,UTR8800003
stl_004,pay_29004xA,order_88004x,Reliance Retail Ltd,4142.44,110.3,18.64,4013.5,2026-08-15,UTR8800004
stl_005,pay_29005xA,order_88005x,Zomato Ltd,4807.46,120.19,21.63,4665.64,2026-08-04,UTR8800005
stl_006,pay_29006xA,order_88006x,Myntra Designs Pvt Ltd,3216.77,80.42,14.48,3121.87,2026-08-16,UTR8800006
stl_007,pay_29007xA,order_88007x,BigBasket Innovative Retail,854.6,21.37,3.85,829.38,2026-08-22,UTR8800007
stl_008,pay_29008xA,order_88008x,Zomato Ltd,3670.57,91.76,16.52,3562.29,2026-08-09,UTR8800008
stl_009,pay_29009xA,order_88009x,Zomato Ltd,4399.18,109.98,19.8,4269.4,2026-08-16,UTR8800009
stl_010,pay_29010xA,order_88010x,Myntra Designs Pvt Ltd,1442.78,36.07,6.49,1400.22,2026-08-22,UTR8800010
stl_011,pay_29011xA,order_88011x,Swiggy Bundl Technologies,2903.63,72.59,13.07,2817.97,2026-08-16,UTR8800011
stl_012,pay_29012xA,order_88012x,Zomato Ltd,3580.76,89.52,16.11,3475.13,2026-08-03,UTR8800012
stl_013,pay_29013xA,order_88013x,BigBasket Innovative Retail,1704.83,42.62,7.67,1654.54,2026-08-20,UTR8800013
stl_014,pay_29014xA,order_88014x,Nykaa E-Retail Pvt Ltd,2280.34,57.01,10.26,2213.07,2026-08-16,UTR8800014
stl_015,pay_29015xA,order_88015x,Zomato Ltd,3852.45,96.31,17.34,3738.8,2026-08-20,UTR8800015
stl_016,pay_29016xA,order_88016x,Zomato Ltd,4987.97,124.7,22.45,4840.82,2026-08-17,UTR8800016
stl_017,pay_29017xA,order_88017x,Swiggy Bundl Technologies,3323.51,83.09,14.96,3225.46,2026-08-15,UTR8800017
stl_018,pay_29018xA,order_88018x,BigBasket Innovative Retail,3181.5,79.54,14.32,3087.64,2026-08-10,UTR8800018
stl_019,pay_29019xA,order_88019x,Flipkart Internet Pvt Ltd,3567.7,89.19,16.05,3462.46,2026-08-10,UTR8800019
stl_020,pay_29020xA,order_88020x,Reliance Retail Ltd,2456.44,61.41,11.05,2383.98,2026-08-10,UTR8800020
stl_021,pay_29021xA,order_88021x,Flipkart Internet Pvt Ltd,4417.33,110.43,19.88,4287.02,2026-08-22,UTR8800021
stl_022,pay_29022xA,order_88022x,Swiggy Bundl Technologies,2182.61,54.57,9.82,2118.22,2026-08-18,UTR8800022
stl_023,pay_29023xA,order_88023x,Nykaa E-Retail Pvt Ltd,587.65,14.69,2.64,570.32,2026-08-11,UTR8800023
stl_024,pay_29024xA,order_88024x,Flipkart Internet Pvt Ltd,885.44,22.14,3.99,859.31,2026-08-04,UTR8800024
stl_025,pay_29025xA,order_88025x,Nykaa E-Retail Pvt Ltd,4760.82,119.02,21.42,4620.38,2026-08-18,UTR8800025
stl_026,pay_29026xA,order_88026x,Zomato Ltd,4680.11,117.0,21.06,4542.05,2026-08-08,UTR8800026
stl_027,pay_29027xA,order_88027x,Myntra Designs Pvt Ltd,2471.45,61.79,11.12,2398.54,2026-08-05,UTR8800027
stl_028,pay_29028xA,order_88028x,Myntra Designs Pvt Ltd,594.65,14.87,2.68,577.1,2026-08-20,UTR8800028
stl_029,pay_29029xA,order_88029x,Amazon Pvt Ltd,1530.24,38.26,6.89,1485.09,2026-08-12,UTR8800029
stl_030,pay_29030xA,order_88030x,Reliance Retail Ltd,3510.4,87.76,15.8,3406.84,2026-08-06,UTR8800030
stl_031,pay_29031xA,order_88031x,Nykaa E-Retail Pvt Ltd,1593.49,39.84,7.17,1546.48,2026-08-15,UTR8800031
stl_032,pay_29032xA,order_88032x,BigBasket Innovative Retail,2094.34,52.36,9.42,2032.56,2026-08-03,UTR8800032
stl_033,pay_29033xA,order_88033x,Flipkart Internet Pvt Ltd,772.76,19.32,3.48,749.96,2026-08-05,UTR8800033
stl_034,pay_29034xA,order_88034x,Nykaa E-Retail Pvt Ltd,1130.82,28.27,5.09,1097.46,2026-08-16,UTR8800034
stl_035,pay_29035xA,order_88035x,Flipkart Internet Pvt Ltd,727.65,18.19,3.27,706.19,2026-08-02,UTR8800035
stl_036,pay_29036xA,order_88036x,Zomato Ltd,1248.4,31.21,5.62,1211.57,2026-08-08,UTR8800036
stl_037,pay_29037xA,order_88037x,Swiggy Bundl Technologies,2205.38,55.13,9.92,2140.33,2026-08-10,UTR8800037
stl_038,pay_29038xA,order_88038x,Nykaa E-Retail Pvt Ltd,1196.59,29.91,5.38,1161.3,2026-08-03,UTR8800038
stl_039,pay_29039xA,order_88039x,Amazon Pvt Ltd,3865.89,96.65,17.4,3751.84,2026-08-20,UTR8800039
stl_040,pay_29040xA,order_88040x,Swiggy Bundl Technologies,755.96,18.9,3.4,733.66,2026-08-07,UTR8800040
stl_041,pay_29041xA,order_88041x,Zomato Ltd,2316.99,57.92,10.43,2248.64,2026-08-20,UTR8800041
stl_042,pay_29042xA,order_88042x,Amazon Pvt Ltd,3287.22,82.18,14.79,3190.25,2026-08-20,UTR8800042
stl_043,pay_29043xA,order_88043x,Reliance Retail Ltd,1419.17,35.48,6.39,1377.3,2026-08-09,UTR8800043
stl_044,pay_29044xA,order_88044x,Reliance Retail Ltd,2557.51,63.94,11.51,2482.06,2026-08-04,UTR8800044
stl_045,pay_29045xA,order_88045x,Flipkart Internet Pvt Ltd,829.67,20.74,3.73,805.2,2026-08-10,UTR8800045
stl_046,pay_29046xA,order_88046x,Flipkart Internet Pvt Ltd,4456.72,111.42,20.06,4325.24,2026-08-07,UTR8800046
stl_047,pay_29047xA,order_88047x,Amazon Pvt Ltd,3505.38,87.63,15.77,3401.98,2026-08-05,UTR8800047
stl_048,pay_29048xA,order_88048x,Flipkart Internet Pvt Ltd,3840.88,96.02,17.28,3727.58,2026-08-11,UTR8800048
stl_049,pay_29049xA,order_88049x,Myntra Designs Pvt Ltd,1416.19,35.4,6.37,1374.42,2026-08-10,UTR8800049
stl_050,pay_29050xA,order_88050x,Amazon Pvt Ltd,915.34,22.88,4.12,888.34,2026-08-10,UTR8800050
stl_051,pay_29051xA,order_88051x,Swiggy Bundl Technologies,3367.01,84.18,15.15,3267.68,2026-08-16,UTR8800051
stl_052,pay_29052xA,order_88052x,Amazon Pvt Ltd,1003.43,25.09,4.52,973.82,2026-08-06,UTR8800052
stl_053,pay_29053xA,order_88053x,Myntra Designs Pvt Ltd,3121.29,78.03,14.05,3029.21,2026-08-06,UTR8800053
stl_054,pay_29054xA,order_88054x,Amazon Pvt Ltd,4545.16,113.63,20.45,4411.08,2026-08-09,UTR8800054
stl_055,pay_29055xA,order_88055x,BigBasket Innovative Retail,4882.27,122.06,21.97,4738.24,2026-08-09,UTR8800055
stl_056,pay_29056xA,order_88056x,Swiggy Bundl Technologies,4466.37,117.95,20.1,4328.32,2026-08-12,UTR8800056
stl_057,pay_29057xA,order_88057x,Zomato Ltd,1700.63,42.52,7.65,1650.46,2026-08-05,UTR8800057
stl_058,pay_29058xA,order_88058x,Zomato Ltd,1398.08,34.95,6.29,1356.84,2026-08-13,UTR8800058
stl_059,pay_29059xA,order_88059x,Zomato Ltd,606.49,15.16,2.73,588.6,2026-08-12,UTR8800059
stl_060,pay_29060xA,order_88060x,Reliance Retail Ltd,2080.16,52.0,9.36,2018.8,2026-08-19,UTR8800060
stl_061,pay_29061xA,order_88061x,Flipkart Internet Pvt Ltd,4446.67,111.17,20.01,4315.49,2026-08-20,UTR8800061
stl_062,pay_29062xA,order_88062x,BigBasket Innovative Retail,2055.59,51.39,9.25,1994.95,2026-08-15,UTR8800062
stl_063,pay_29063xA,order_88063x,Flipkart Internet Pvt Ltd,2233.38,55.83,10.05,2167.5,2026-08-10,UTR8800063
stl_064,pay_29064xA,order_88064x,Amazon Pvt Ltd,2839.64,70.99,12.78,2755.87,2026-08-08,UTR8800064
stl_065,pay_29065xA,order_88065x,Myntra Designs Pvt Ltd,3304.2,82.61,14.87,3206.72,2026-08-05,UTR8800065
stl_066,pay_29066xA,order_88066x,Reliance Retail Ltd,3501.02,87.53,15.76,3397.73,2026-08-11,UTR8800066
stl_067,pay_29067xA,order_88067x,BigBasket Innovative Retail,3492.18,87.3,15.71,3389.17,2026-08-07,UTR8800067
stl_068,pay_29068xA,order_88068x,BigBasket Innovative Retail,2965.72,77.5,13.35,2874.87,2026-08-15,UTR8800068
stl_069,pay_29069xA,order_88069x,Myntra Designs Pvt Ltd,2592.45,64.81,11.67,2515.97,2026-08-08,UTR8800069
stl_070,pay_29070xA,order_88070x,Swiggy Bundl Technologies,3464.83,86.62,15.59,3362.62,2026-08-22,UTR8800070
stl_071,pay_29071xA,order_88071x,Zomato Ltd,3527.58,88.19,15.87,3423.52,2026-08-08,UTR8800071
stl_072,pay_29072xA,order_88072x,Zomato Ltd,4927.71,123.19,22.17,4782.35,2026-08-04,UTR8800072
stl_073,pay_29073xA,order_88073x,Zomato Ltd,3732.56,93.31,16.8,3622.45,2026-08-14,UTR8800073
stl_074,pay_29074xA,order_88074x,Amazon Pvt Ltd,4516.97,112.92,20.33,4383.72,2026-08-05,UTR8800074
stl_075,pay_29075xA,order_88075x,Nykaa E-Retail Pvt Ltd,725.98,18.15,3.27,704.56,2026-08-05,UTR8800075
stl_076,pay_29076xA,order_88076x,Nykaa E-Retail Pvt Ltd,3504.1,87.6,15.77,3400.73,2026-08-21,UTR8800076
stl_077,pay_29077xA,order_88077x,Nykaa E-Retail Pvt Ltd,3256.94,81.42,14.66,3160.86,2026-08-18,UTR8800077
stl_078,pay_29078xA,order_88078x,Swiggy Bundl Technologies,3846.45,96.16,17.31,3732.98,2026-08-10,UTR8800078
stl_079,pay_29079xA,order_88079x,Nykaa E-Retail Pvt Ltd,3320.37,83.01,14.94,3222.42,2026-08-04,UTR8800079
stl_080,pay_29080xA,order_88080x,Reliance Retail Ltd,2011.31,50.28,9.05,1951.98,2026-08-04,UTR8800080
stl_081,pay_29081xA,order_88081x,BigBasket Innovative Retail,3622.77,90.57,16.3,3515.9,2026-08-04,UTR8800081
stl_082,pay_29082xA,order_88082x,Nykaa E-Retail Pvt Ltd,2370.98,59.27,10.67,2301.04,2026-08-15,UTR8800082
stl_083,pay_29083xA,order_88083x,Amazon Pvt Ltd,4355.29,108.88,19.6,4226.81,2026-08-14,UTR8800083
stl_084,pay_29084xA,order_88084x,Myntra Designs Pvt Ltd,1843.76,46.09,8.3,1789.37,2026-08-15,UTR8800084
stl_085,pay_29085xA,order_88085x,Zomato Ltd,2697.03,67.43,12.14,2617.46,2026-08-17,UTR8800085
stl_086,pay_29086xA,order_88086x,BigBasket Innovative Retail,3758.82,93.97,16.91,3647.94,2026-08-06,UTR8800086
stl_087,pay_29087xA,order_88087x,BigBasket Innovative Retail,3163.52,79.09,14.24,3070.19,2026-08-04,UTR8800087
stl_088,pay_29088xA,order_88088x,Nykaa E-Retail Pvt Ltd,1317.78,32.94,5.93,1278.91,2026-08-12,UTR8800088
stl_089,pay_29089xA,order_88089x,Myntra Designs Pvt Ltd,3925.53,98.14,17.67,3809.72,2026-08-15,UTR8800089
stl_090,pay_29090xA,order_88090x,Amazon Pvt Ltd,4999.59,124.99,22.5,4852.1,2026-08-22,UTR8800090
stl_091,pay_29091xA,order_88091x,Amazon Pvt Ltd,4773.25,119.33,21.48,4632.44,2026-08-02,UTR8800091
stl_092,pay_29092xA,order_88092x,Swiggy Bundl Technologies,2631.02,65.78,11.84,2553.4,2026-08-08,UTR8800092
stl_093,pay_29093xA,order_88093x,Myntra Designs Pvt Ltd,1255.05,31.38,5.65,1218.02,2026-08-05,UTR8800093
stl_094,pay_29094xA,order_88094x,Flipkart Internet Pvt Ltd,3104.08,77.6,13.97,3012.51,2026-08-20,UTR8800094
stl_095,pay_29095xA,order_88095x,BigBasket Innovative Retail,2284.94,57.12,10.28,2217.54,2026-08-04,UTR8800095
stl_096,pay_29096xA,order_88096x,Zomato Ltd,958.56,23.96,4.31,930.29,2026-08-21,UTR8800096
stl_097,pay_29097xA,order_88097x,Amazon Pvt Ltd,2062.42,51.56,9.28,2001.58,2026-08-13,UTR8800097
stl_098,pay_29098xA,order_88098x,Myntra Designs Pvt Ltd,556.93,13.92,2.51,540.5,2026-08-17,UTR8800098
stl_099,pay_29099xA,order_88099x,Myntra Designs Pvt Ltd,3360.13,84.0,15.12,3261.01,2026-08-06,UTR8800099
stl_100,pay_29100xA,order_88100x,Reliance Retail Ltd,3271.61,81.79,14.72,3175.1,2026-08-17,UTR8800100
stl_101,pay_29101xA,order_88101x,Reliance Retail Ltd,1950.37,48.76,8.78,1892.83,2026-08-04,UTR8800101
stl_102,pay_29102xA,order_88102x,Nykaa E-Retail Pvt Ltd,3064.32,76.61,13.79,2973.92,2026-08-12,UTR8800102
stl_103,pay_29103xA,order_88103x,Myntra Designs Pvt Ltd,1318.28,32.96,5.93,1279.39,2026-08-10,UTR8800103
stl_104,pay_29104xA,order_88104x,Reliance Retail Ltd,3001.06,75.03,13.51,2912.52,2026-08-08,UTR8800104
stl_105,pay_29105xA,order_88105x,BigBasket Innovative Retail,2698.6,67.47,12.14,2618.99,2026-08-17,UTR8800105
stl_106,pay_29106xA,order_88106x,Nykaa E-Retail Pvt Ltd,4068.2,101.7,18.31,3948.19,2026-08-09,UTR8800106
stl_107,pay_29107xA,order_88107x,Reliance Retail Ltd,3487.82,87.2,15.7,3384.92,2026-08-19,UTR8800107
stl_108,pay_29108xA,order_88108x,Myntra Designs Pvt Ltd,2083.15,52.08,9.37,2021.7,2026-08-11,UTR8800108
stl_109,pay_29109xA,order_88109x,Zomato Ltd,1919.97,48.0,8.64,1863.33,2026-08-07,UTR8800109
stl_110,pay_29110xA,order_88110x,Nykaa E-Retail Pvt Ltd,1744.25,43.61,7.85,1692.79,2026-08-18,UTR8800110
stl_111,pay_29111xA,order_88111x,Flipkart Internet Pvt Ltd,4246.83,106.17,19.11,4121.55,2026-08-13,UTR8800111
stl_112,pay_29112xA,order_88112x,Swiggy Bundl Technologies,1734.4,43.36,7.8,1683.24,2026-08-19,UTR8800112
stl_113,pay_29113xA,order_88113x,Swiggy Bundl Technologies,3370.41,84.26,15.17,3270.98,2026-08-05,UTR8800113
stl_114,pay_29114xA,order_88114x,Nykaa E-Retail Pvt Ltd,2654.21,66.36,11.94,2575.91,2026-08-03,UTR8800114
stl_115,pay_29115xA,order_88115x,Nykaa E-Retail Pvt Ltd,1013.39,25.33,4.56,983.5,2026-08-17,UTR8800115
stl_116,pay_29116xA,order_88116x,Amazon Pvt Ltd,1182.77,29.57,5.32,1147.88,2026-08-11,UTR8800116
stl_117,pay_29117xA,order_88117x,Flipkart Internet Pvt Ltd,3011.33,75.28,13.55,2922.5,2026-08-21,UTR8800117
stl_118,pay_29118xA,order_88118x,BigBasket Innovative Retail,2527.32,63.18,11.37,2452.77,2026-08-20,UTR8800118
stl_119,pay_29119xA,order_88119x,Amazon Pvt Ltd,3243.34,81.08,14.59,3147.67,2026-08-08,UTR8800119
stl_120,pay_29120xA,order_88120x,Flipkart Internet Pvt Ltd,1206.76,30.17,5.43,1171.16,2026-08-04,UTR8800120
stl_121,pay_29121xA,order_88121x,Nykaa E-Retail Pvt Ltd,3602.17,90.05,16.21,3495.91,2026-08-03,UTR8800121
stl_122,pay_29122xA,order_88122x,Reliance Retail Ltd,3663.44,91.59,16.49,3555.36,2026-08-09,UTR8800122
stl_123,pay_29123xA,order_88123x,Zomato Ltd,2413.13,60.33,10.86,2341.94,2026-08-22,UTR8800123
stl_124,pay_29124xA,order_88124x,Swiggy Bundl Technologies,821.34,20.53,3.7,797.11,2026-08-11,UTR8800124
stl_125,pay_29125xA,order_88125x,Reliance Retail Ltd,2476.19,61.9,11.14,2403.15,2026-08-11,UTR8800125
stl_126,pay_29126xA,order_88126x,Reliance Retail Ltd,2752.12,68.8,12.38,2670.94,2026-08-04,UTR8800126
stl_127,pay_29127xA,order_88127x,BigBasket Innovative Retail,3805.4,95.14,17.13,3693.13,2026-08-02,UTR8800127
stl_128,pay_29128xA,order_88128x,Amazon Pvt Ltd,4998.08,124.95,22.49,4850.64,2026-08-10,UTR8800128
stl_129,pay_29129xA,order_88129x,Swiggy Bundl Technologies,2617.25,65.43,11.78,2540.04,2026-08-10,UTR8800129
stl_130,pay_29130xA,order_88130x,BigBasket Innovative Retail,3356.53,83.91,15.1,3257.52,2026-08-04,UTR8800130
stl_131,pay_29131xA,order_88131x,Myntra Designs Pvt Ltd,1944.76,48.62,8.75,1887.39,2026-08-07,UTR8800131
stl_132,pay_29132xA,order_88132x,Nykaa E-Retail Pvt Ltd,1796.98,44.92,8.09,1743.97,2026-08-19,UTR8800132
stl_133,pay_29133xA,order_88133x,Myntra Designs Pvt Ltd,1635.79,40.89,7.36,1587.54,2026-08-14,UTR8800133
stl_134,pay_29134xA,order_88134x,Nykaa E-Retail Pvt Ltd,2359.61,58.99,10.62,2290.0,2026-08-13,UTR8800134
stl_135,pay_29135xA,order_88135x,Amazon Pvt Ltd,1416.01,35.4,6.37,1374.24,2026-08-11,UTR8800135
stl_136,pay_29136xA,order_88136x,Amazon Pvt Ltd,4879.16,121.98,21.96,4735.22,2026-08-09,UTR8800136
stl_137,pay_29137xA,order_88137x,Amazon Pvt Ltd,2985.13,74.63,13.43,2897.07,2026-08-05,UTR8800137
stl_138,pay_29138xA,order_88138x,Swiggy Bundl Technologies,2742.69,68.57,12.34,2661.78,2026-08-18,UTR8800138
stl_139,pay_29139xA,order_88139x,Nykaa E-Retail Pvt Ltd,4911.1,122.78,22.1,4766.22,2026-08-19,UTR8800139
stl_140,pay_29140xA,order_88140x,Swiggy Bundl Technologies,4388.12,109.7,19.75,4258.67,2026-08-15,UTR8800140
stl_141,pay_29141xA,order_88141x,Reliance Retail Ltd,4192.47,104.81,18.87,4068.79,2026-08-11,UTR8800141
stl_142,pay_29142xA,order_88142x,Nykaa E-Retail Pvt Ltd,4393.67,109.84,19.77,4264.06,2026-08-17,UTR8800142
stl_143,pay_29143xA,order_88143x,BigBasket Innovative Retail,2549.05,63.73,11.47,2473.85,2026-08-08,UTR8800143
stl_144,pay_29144xA,order_88144x,BigBasket Innovative Retail,1551.03,38.78,6.98,1505.27,2026-08-03,UTR8800144
stl_145,pay_29145xA,order_88145x,BigBasket Innovative Retail,2237.35,55.93,10.07,2171.35,2026-08-22,UTR8800145
stl_146,pay_29146xA,order_88146x,Amazon Pvt Ltd,1068.11,26.7,4.81,1036.6,2026-08-12,UTR8800146
stl_147,pay_29147xA,order_88147x,Nykaa E-Retail Pvt Ltd,569.06,14.23,2.56,552.27,2026-08-22,UTR8800147
stl_148,pay_29148xA,order_88148x,Reliance Retail Ltd,2023.53,50.59,9.11,1963.83,2026-08-22,UTR8800148
stl_149,pay_29149xA,order_88149x,BigBasket Innovative Retail,4793.63,119.84,21.57,4652.22,2026-08-17,UTR8800149
stl_150,pay_29150xA,order_88150x,Flipkart Internet Pvt Ltd,1556.47,38.91,7.0,1510.56,2026-08-11,UTR8800150
stl_151,pay_29151xA,order_88151x,BigBasket Innovative Retail,4902.52,122.56,22.06,4757.9,2026-08-05,UTR8800151
stl_152,pay_29152xA,order_88152x,Reliance Retail Ltd,4565.41,114.14,20.55,4430.72,2026-08-03,UTR8800152
stl_153,pay_29153xA,order_88153x,BigBasket Innovative Retail,1155.06,28.88,5.2,1120.98,2026-08-20,UTR8800153
stl_154,pay_29154xA,order_88154x,Flipkart Internet Pvt Ltd,3242.71,81.07,14.59,3147.05,2026-08-09,UTR8800154
stl_155,pay_29155xA,order_88155x,Swiggy Bundl Technologies,1544.85,38.62,6.95,1499.28,2026-08-16,UTR8800155
stl_156,pay_29156xA,order_88156x,Nykaa E-Retail Pvt Ltd,4555.44,113.89,20.5,4421.05,2026-08-07,UTR8800156
stl_157,pay_29157xA,order_88157x,Myntra Designs Pvt Ltd,4944.43,123.61,22.25,4798.57,2026-08-15,UTR8800157
stl_158,pay_29158xA,order_88158x,Reliance Retail Ltd,1396.48,34.91,6.28,1355.29,2026-08-17,UTR8800158
stl_159,pay_29159xA,order_88159x,Myntra Designs Pvt Ltd,3086.65,77.17,13.89,2995.59,2026-08-11,UTR8800159
stl_160,pay_29160xA,order_88160x,BigBasket Innovative Retail,1735.16,43.38,7.81,1683.97,2026-08-03,UTR8800160
stl_161,pay_29161xA,order_88161x,Reliance Retail Ltd,3990.83,99.77,17.96,3873.1,2026-08-13,UTR8800161
stl_162,pay_29162xA,order_88162x,Reliance Retail Ltd,3549.94,88.75,15.97,3445.22,2026-08-06,UTR8800162
stl_163,pay_29163xA,order_88163x,Amazon Pvt Ltd,1890.2,47.26,8.51,1834.43,2026-08-20,UTR8800163
stl_164,pay_29164xA,order_88164x,Flipkart Internet Pvt Ltd,4593.33,114.83,20.67,4457.83,2026-08-15,UTR8800164
stl_165,pay_29165xA,order_88165x,Myntra Designs Pvt Ltd,2888.84,72.22,13.0,2803.62,2026-08-07,UTR8800165
stl_166,pay_29166xA,order_88166x,Nykaa E-Retail Pvt Ltd,4853.23,121.33,21.84,4710.06,2026-08-12,UTR8800166
stl_167,pay_29167xA,order_88167x,Flipkart Internet Pvt Ltd,1133.41,28.34,5.1,1099.97,2026-08-14,UTR8800167
stl_168,pay_29168xA,order_88168x,BigBasket Innovative Retail,562.63,14.07,2.53,546.03,2026-08-16,UTR8800168
stl_169,pay_29169xA,order_88169x,Reliance Retail Ltd,3130.52,78.26,14.09,3038.17,2026-08-13,UTR8800169
stl_170,pay_29170xA,order_88170x,Nykaa E-Retail Pvt Ltd,612.61,15.32,2.76,594.53,2026-08-19,UTR8800170
stl_171,pay_29171xA,order_88171x,Zomato Ltd,3414.44,85.36,15.36,3313.72,2026-08-16,UTR8800171
stl_172,pay_29172xA,order_88172x,BigBasket Innovative Retail,1025.04,25.63,4.61,994.8,2026-08-03,UTR8800172
stl_173,pay_29173xA,order_88173x,Flipkart Internet Pvt Ltd,937.36,23.43,4.22,909.71,2026-08-06,UTR8800173
stl_174,pay_29174xA,order_88174x,BigBasket Innovative Retail,3143.03,78.58,14.14,3050.31,2026-08-15,UTR8800174
stl_175,pay_29175xA,order_88175x,Nykaa E-Retail Pvt Ltd,3270.43,81.76,14.72,3173.95,2026-08-10,UTR8800175
stl_176,pay_29176xA,order_88176x,Zomato Ltd,2495.22,62.38,11.23,2421.61,2026-08-13,UTR8800176
stl_177,pay_29177xA,order_88177x,Myntra Designs Pvt Ltd,2950.1,73.75,13.28,2863.07,2026-08-13,UTR8800177
stl_178,pay_29178xA,order_88178x,Zomato Ltd,4856.93,121.42,21.86,4713.65,2026-08-16,UTR8800178
stl_179,pay_29179xA,order_88179x,Amazon Pvt Ltd,727.6,18.19,3.27,706.14,2026-08-06,UTR8800179
stl_180,pay_29180xA,order_88180x,Zomato Ltd,3138.72,78.47,14.12,3046.13,2026-08-09,UTR8800180
stl_181,pay_29181xA,order_88181x,Amazon Pvt Ltd,1747.74,43.69,7.86,1696.19,2026-08-06,UTR8800181
stl_182,pay_29182xA,order_88182x,Swiggy Bundl Technologies,994.67,24.87,4.48,965.32,2026-08-06,UTR8800182
stl_183,pay_29183xA,order_88183x,Zomato Ltd,3149.84,81.97,14.17,3053.7,2026-08-06,UTR8800183
stl_184,pay_29184xA,order_88184x,Flipkart Internet Pvt Ltd,3855.49,96.39,17.35,3741.75,2026-08-13,UTR8800184
stl_185,pay_29185xA,order_88185x,Nykaa E-Retail Pvt Ltd,2767.27,69.18,12.45,2685.64,2026-08-03,UTR8800185
stl_186,pay_29186xA,order_88186x,Reliance Retail Ltd,2561.19,64.03,11.53,2485.63,2026-08-03,UTR8800186
stl_187,pay_29187xA,order_88187x,Flipkart Internet Pvt Ltd,2706.21,67.66,12.18,2626.37,2026-08-04,UTR8800187
stl_188,pay_29188xA,order_88188x,Swiggy Bundl Technologies,795.57,19.89,3.58,772.1,2026-08-22,UTR8800188
stl_189,pay_29189xA,order_88189x,Myntra Designs Pvt Ltd,2214.07,55.35,9.96,2148.76,2026-08-11,UTR8800189
stl_190,pay_29190xA,order_88190x,BigBasket Innovative Retail,946.3,23.66,4.26,918.38,2026-08-22,UTR8800190
stl_191,pay_29191xA,order_88191x,Zomato Ltd,2435.31,60.88,10.96,2363.47,2026-08-15,UTR8800191
stl_192,pay_29192xA,order_88192x,Flipkart Internet Pvt Ltd,1906.47,47.66,8.58,1850.23,2026-08-10,UTR8800192
stl_193,pay_29193xA,order_88193x,Nykaa E-Retail Pvt Ltd,802.1,20.05,3.61,778.44,2026-08-04,UTR8800193
stl_194,pay_29194xA,order_88194x,Myntra Designs Pvt Ltd,4152.96,103.82,18.69,4030.45,2026-08-20,UTR8800194
stl_195,pay_29195xA,order_88195x,Flipkart Internet Pvt Ltd,2348.64,58.72,10.57,2279.35,2026-08-15,UTR8800195
stl_196,pay_29196xA,order_88196x,Reliance Retail Ltd,3201.85,80.05,14.41,3107.39,2026-08-20,UTR8800196
stl_197,pay_29197xA,order_88197x,Nykaa E-Retail Pvt Ltd,1509.1,37.73,6.79,1464.58,2026-08-19,UTR8800197
stl_198,pay_29198xA,order_88198x,Reliance Retail Ltd,3083.45,77.09,13.88,2992.48,2026-08-19,UTR8800198
stl_199,pay_29199xA,order_88199x,Amazon Pvt Ltd,3240.48,81.01,14.58,3144.89,2026-08-10,UTR8800199
stl_200,pay_29200xA,order_88200x,Reliance Retail Ltd,4646.92,116.17,20.91,4509.84,2026-08-07,UTR8800200
stl_201,pay_29201xA,order_88201x,BigBasket Innovative Retail,813.13,20.33,3.66,789.14,2026-08-02,UTR8800201
stl_202,pay_29202xA,order_88202x,Zomato Ltd,2192.87,54.82,9.87,2128.18,2026-08-07,UTR8800202
stl_203,pay_29203xA,order_88203x,Myntra Designs Pvt Ltd,3995.76,99.89,17.98,3877.89,2026-08-04,UTR8800203
stl_204,pay_29204xA,order_88204x,Amazon Pvt Ltd,3532.86,88.32,15.9,3428.64,2026-08-15,UTR8800204
stl_205,pay_29205xA,order_88205x,BigBasket Innovative Retail,1729.25,43.23,7.78,1678.24,2026-08-05,UTR8800205
stl_206,pay_29206xA,order_88206x,Reliance Retail Ltd,3551.98,88.8,15.98,3447.2,2026-08-18,UTR8800206
stl_207,pay_29207xA,order_88207x,Zomato Ltd,2278.69,56.97,10.25,2211.47,2026-08-02,UTR8800207
stl_208,pay_29208xA,order_88208x,Zomato Ltd,3953.07,98.83,17.79,3836.45,2026-08-11,UTR8800208
stl_209,pay_29209xA,order_88209x,Nykaa E-Retail Pvt Ltd,3861.56,96.54,17.38,3747.64,2026-08-14,UTR8800209
stl_210,pay_29210xA,order_88210x,Myntra Designs Pvt Ltd,824.34,20.61,3.71,800.02,2026-08-03,UTR8800210
stl_211,pay_29211xA,order_88211x,Flipkart Internet Pvt Ltd,4379.5,109.49,19.71,4250.3,2026-08-20,UTR8800211
stl_212,pay_29212xA,order_88212x,BigBasket Innovative Retail,1802.82,45.07,8.11,1749.64,2026-08-12,UTR8800212
stl_213,pay_29213xA,order_88213x,Myntra Designs Pvt Ltd,896.58,22.41,4.03,870.14,2026-08-09,UTR8800213
stl_214,pay_29214xA,order_88214x,Flipkart Internet Pvt Ltd,2280.95,57.02,10.26,2213.67,2026-08-12,UTR8800214
stl_215,pay_29215xA,order_88215x,Swiggy Bundl Technologies,843.71,21.09,3.8,818.82,2026-08-18,UTR8800215
stl_216,pay_29216xA,order_88216x,Myntra Designs Pvt Ltd,2079.95,52.0,9.36,2018.59,2026-08-22,UTR8800216
stl_217,pay_29217xA,order_88217x,Swiggy Bundl Technologies,1651.86,41.3,7.43,1603.13,2026-08-06,UTR8800217
stl_218,pay_29218xA,order_88218x,Nykaa E-Retail Pvt Ltd,2587.79,64.69,11.64,2511.46,2026-08-20,UTR8800218
stl_219,pay_29219xA,order_88219x,Myntra Designs Pvt Ltd,4389.11,109.73,19.75,4259.63,2026-08-06,UTR8800219
stl_220,pay_29220xA,order_88220x,Nykaa E-Retail Pvt Ltd,3341.23,83.53,15.04,3242.66,2026-08-20,UTR8800220
stl_221,pay_29221xA,order_88221x,Flipkart Internet Pvt Ltd,1896.84,47.42,8.54,1840.88,2026-08-03,UTR8800221
stl_222,pay_29222xA,order_88222x,Flipkart Internet Pvt Ltd,3267.54,81.69,14.7,3171.15,2026-08-16,UTR8800222
stl_223,pay_29223xA,order_88223x,Amazon Pvt Ltd,2523.8,63.1,11.36,2449.34,2026-08-22,UTR8800223
stl_224,pay_29224xA,order_88224x,Nykaa E-Retail Pvt Ltd,2756.15,68.9,12.4,2674.85,2026-08-16,UTR8800224
stl_225,pay_29225xA,order_88225x,Flipkart Internet Pvt Ltd,2770.47,69.26,12.47,2688.74,2026-08-09,UTR8800225
stl_226,pay_29226xA,order_88226x,Nykaa E-Retail Pvt Ltd,2858.31,71.46,12.86,2773.99,2026-08-13,UTR8800226
stl_227,pay_29227xA,order_88227x,BigBasket Innovative Retail,2339.46,58.49,10.53,2270.44,2026-08-21,UTR8800227
stl_228,pay_29228xA,order_88228x,Flipkart Internet Pvt Ltd,1983.61,49.59,8.93,1925.09,2026-08-14,UTR8800228
stl_229,pay_29229xA,order_88229x,Swiggy Bundl Technologies,2000.13,50.0,9.0,1941.13,2026-08-06,UTR8800229
stl_230,pay_29230xA,order_88230x,BigBasket Innovative Retail,1080.28,27.01,4.86,1048.41,2026-08-04,UTR8800230
stl_231,pay_29231xA,order_88231x,Myntra Designs Pvt Ltd,4159.33,103.98,18.72,4036.63,2026-08-18,UTR8800231
stl_232,pay_29232xA,order_88232x,BigBasket Innovative Retail,2788.2,73.21,12.55,2702.44,2026-08-08,UTR8800232
stl_233,pay_29233xA,order_88233x,Nykaa E-Retail Pvt Ltd,1364.02,34.1,6.14,1323.78,2026-08-06,UTR8800233
stl_234,pay_29234xA,order_88234x,Flipkart Internet Pvt Ltd,2784.6,69.61,12.53,2702.46,2026-08-18,UTR8800234
stl_235,pay_29235xA,order_88235x,Swiggy Bundl Technologies,3187.61,79.69,14.34,3093.58,2026-08-07,UTR8800235
stl_236,pay_29236xA,order_88236x,Swiggy Bundl Technologies,3745.32,93.63,16.85,3634.84,2026-08-13,UTR8800236
stl_237,pay_29237xA,order_88237x,Nykaa E-Retail Pvt Ltd,3247.68,81.19,14.61,3151.88,2026-08-16,UTR8800237
stl_238,pay_29238xA,order_88238x,Reliance Retail Ltd,4845.18,121.13,21.8,4702.25,2026-08-08,UTR8800238
stl_239,pay_29239xA,order_88239x,Nykaa E-Retail Pvt Ltd,2577.56,64.44,11.6,2501.52,2026-08-14,UTR8800239
stl_240,pay_29240xA,order_88240x,Swiggy Bundl Technologies,4176.01,104.4,18.79,4052.82,2026-08-06,UTR8800240
stl_241,pay_29241xA,order_88241x,Nykaa E-Retail Pvt Ltd,4433.53,110.84,19.95,4302.74,2026-08-05,UTR8800241
stl_242,pay_29242xA,order_88242x,Reliance Retail Ltd,877.44,21.94,3.95,851.55,2026-08-16,UTR8800242
stl_243,pay_29243xA,order_88243x,BigBasket Innovative Retail,912.71,22.82,4.11,885.78,2026-08-16,UTR8800243
stl_244,pay_29244xA,order_88244x,BigBasket Innovative Retail,739.66,18.49,3.33,717.84,2026-08-09,UTR8800244
stl_245,pay_29245xA,order_88245x,Myntra Designs Pvt Ltd,1510.42,37.76,6.8,1465.86,2026-08-05,UTR8800245
stl_246,pay_29246xA,order_88246x,Swiggy Bundl Technologies,1119.2,27.98,5.04,1086.18,2026-08-17,UTR8800246
stl_247,pay_29247xA,order_88247x,Nykaa E-Retail Pvt Ltd,2518.71,64.98,11.33,2442.4,2026-08-10,UTR8800247
stl_248,pay_29248xA,order_88248x,BigBasket Innovative Retail,1000.34,25.01,4.5,970.83,2026-08-11,UTR8800248
stl_249,pay_29249xA,order_88249x,BigBasket Innovative Retail,3375.28,84.38,15.19,3275.71,2026-08-04,UTR8800249
stl_250,pay_29250xA,order_88250x,Amazon Pvt Ltd,3343.8,83.6,15.05,3245.15,2026-08-06,UTR8800250
stl_251,pay_29251xA,order_88251x,Myntra Designs Pvt Ltd,1582.54,39.56,7.12,1535.86,2026-08-04,UTR8800251
stl_252,pay_29252xA,order_88252x,Flipkart Internet Pvt Ltd,4790.32,119.76,21.56,4649.0,2026-08-18,UTR8800252
stl_253,pay_29253xA,order_88253x,Nykaa E-Retail Pvt Ltd,695.9,17.4,3.13,675.37,2026-08-13,UTR8800253
stl_254,pay_29254xA,order_88254x,Myntra Designs Pvt Ltd,4048.34,101.21,18.22,3928.91,2026-08-22,UTR8800254
stl_255,pay_29255xA,order_88255x,Myntra Designs Pvt Ltd,1100.34,27.51,4.95,1067.88,2026-08-12,UTR8800255
stl_256,pay_29256xA,order_88256x,Nykaa E-Retail Pvt Ltd,4913.69,122.84,22.11,4768.74,2026-08-07,UTR8800256
stl_257,pay_29257xA,order_88257x,Nykaa E-Retail Pvt Ltd,666.43,16.66,3.0,646.77,2026-08-08,UTR8800257
stl_258,pay_29258xA,order_88258x,Reliance Retail Ltd,2819.23,70.48,12.69,2736.06,2026-08-19,UTR8800258
stl_259,pay_29259xA,order_88259x,Zomato Ltd,1787.5,44.69,8.04,1734.77,2026-08-03,UTR8800259
stl_260,pay_29260xA,order_88260x,Flipkart Internet Pvt Ltd,4097.04,102.43,18.44,3976.17,2026-08-14,UTR8800260
stl_261,pay_29261xA,order_88261x,BigBasket Innovative Retail,2025.66,50.64,9.12,1965.9,2026-08-17,UTR8800261
stl_262,pay_29262xA,order_88262x,Reliance Retail Ltd,4105.17,102.63,18.47,3984.07,2026-08-04,UTR8800262
stl_263,pay_29263xA,order_88263x,Swiggy Bundl Technologies,2954.63,73.87,13.3,2867.46,2026-08-04,UTR8800263
stl_264,pay_29264xA,order_88264x,Reliance Retail Ltd,2506.62,62.67,11.28,2432.67,2026-08-07,UTR8800264
stl_265,pay_29265xA,order_88265x,Nykaa E-Retail Pvt Ltd,690.6,17.27,3.11,670.22,2026-08-13,UTR8800265
stl_266,pay_29266xA,order_88266x,Reliance Retail Ltd,3377.61,84.44,15.2,3277.97,2026-08-03,UTR8800266
stl_267,pay_29267xA,order_88267x,BigBasket Innovative Retail,2134.9,53.37,9.61,2071.92,2026-08-07,UTR8800267
stl_268,pay_29268xA,order_88268x,Nykaa E-Retail Pvt Ltd,656.6,16.42,2.96,637.22,2026-08-22,UTR8800268
stl_269,pay_29269xA,order_88269x,Amazon Pvt Ltd,3222.93,80.57,14.5,3127.86,2026-08-13,UTR8800269
stl_270,pay_29270xA,order_88270x,Flipkart Internet Pvt Ltd,3082.65,77.07,13.87,2991.71,2026-08-14,UTR8800270
stl_271,pay_29271xA,order_88271x,Zomato Ltd,4822.34,123.27,21.7,4677.37,2026-08-18,UTR8800271
stl_272,pay_29272xA,order_88272x,Flipkart Internet Pvt Ltd,1678.0,41.95,7.55,1628.5,2026-08-16,UTR8800272
stl_273,pay_29273xA,order_88273x,Reliance Retail Ltd,3622.91,90.57,16.3,3516.04,2026-08-08,UTR8800273
stl_274,pay_29274xA,order_88274x,Flipkart Internet Pvt Ltd,2534.19,63.35,11.4,2459.44,2026-08-16,UTR8800274
stl_275,pay_29275xA,order_88275x,Myntra Designs Pvt Ltd,3505.28,87.63,15.77,3401.88,2026-08-19,UTR8800275
stl_276,pay_29276xA,order_88276x,Reliance Retail Ltd,4331.13,108.28,19.49,4203.36,2026-08-22,UTR8800276
stl_277,pay_29277xA,order_88277x,Flipkart Internet Pvt Ltd,4933.1,123.33,22.2,4787.57,2026-08-09,UTR8800277
stl_278,pay_29278xA,order_88278x,Myntra Designs Pvt Ltd,2603.33,65.08,11.71,2526.54,2026-08-06,UTR8800278
stl_279,pay_29279xA,order_88279x,BigBasket Innovative Retail,4998.18,124.95,22.49,4850.74,2026-08-18,UTR8800279
stl_280,pay_29280xA,order_88280x,Flipkart Internet Pvt Ltd,1063.97,26.6,4.79,1032.58,2026-08-04,UTR8800280
stl_281,pay_29281xA,order_88281x,Myntra Designs Pvt Ltd,1077.51,26.94,4.85,1045.72,2026-08-19,UTR8800281
stl_282,pay_29282xA,order_88282x,Swiggy Bundl Technologies,2446.78,61.17,11.01,2374.6,2026-08-03,UTR8800282
stl_283,pay_29283xA,order_88283x,Reliance Retail Ltd,1240.96,31.02,5.58,1204.36,2026-08-09,UTR8800283
stl_284,pay_29284xA,order_88284x,Reliance Retail Ltd,4306.7,107.67,19.38,4179.65,2026-08-22,UTR8800284
stl_285,pay_29285xA,order_88285x,Reliance Retail Ltd,3264.93,81.62,14.69,3168.62,2026-08-22,UTR8800285
stl_286,pay_29286xA,order_88286x,Swiggy Bundl Technologies,1270.4,31.76,5.72,1232.92,2026-08-21,UTR8800286
stl_287,pay_29287xA,order_88287x,Amazon Pvt Ltd,865.5,21.64,3.9,839.96,2026-08-20,UTR8800287
stl_288,pay_29288xA,order_88288x,BigBasket Innovative Retail,3281.49,89.32,14.77,3177.4,2026-08-19,UTR8800288
stl_289,pay_29289xA,order_88289x,Reliance Retail Ltd,2673.25,66.83,12.03,2594.39,2026-08-14,UTR8800289
stl_290,pay_29290xA,order_88290x,Amazon Pvt Ltd,1211.36,30.28,5.45,1175.63,2026-08-16,UTR8800290
stl_291,pay_29291xA,order_88291x,Swiggy Bundl Technologies,1906.62,47.67,8.58,1850.37,2026-08-13,UTR8800291
stl_292,pay_29292xA,order_88292x,Myntra Designs Pvt Ltd,2817.41,70.44,12.68,2734.29,2026-08-09,UTR8800292
stl_293,pay_29293xA,order_88293x,Nykaa E-Retail Pvt Ltd,1615.63,40.39,7.27,1567.97,2026-08-11,UTR8800293
stl_294,pay_29294xA,order_88294x,Swiggy Bundl Technologies,4160.65,104.02,18.72,4037.91,2026-08-12,UTR8800294
stl_295,pay_29295xA,order_88295x,Nykaa E-Retail Pvt Ltd,2744.42,68.61,12.35,2663.46,2026-08-02,UTR8800295
stl_296,pay_29296xA,order_88296x,Nykaa E-Retail Pvt Ltd,4850.09,121.25,21.82,4707.02,2026-08-13,UTR8800296
stl_297,pay_29297xA,order_88297x,Nykaa E-Retail Pvt Ltd,3188.83,79.72,14.35,3094.76,2026-08-17,UTR8800297
stl_298,pay_29298xA,order_88298x,Flipkart Internet Pvt Ltd,2439.17,60.98,10.98,2367.21,2026-08-13,UTR8800298
stl_299,pay_29299xA,order_88299x,BigBasket Innovative Retail,730.21,18.26,3.29,708.66,2026-08-13,UTR8800299
stl_300,pay_29300xA,order_88300x,BigBasket Innovative Retail,2769.15,69.23,12.46,2687.46,2026-08-10,UTR8800300
stl_301,pay_29301xA,order_88301x,Flipkart Internet Pvt Ltd,1078.99,26.97,4.85,1047.17,2026-08-13,UTR8800301
stl_302,pay_29302xA,order_88302x,Myntra Designs Pvt Ltd,3897.34,97.43,17.54,3782.37,2026-08-18,UTR8800302
stl_303,pay_29303xA,order_88303x,Amazon Pvt Ltd,675.11,16.88,3.04,655.19,2026-08-17,UTR8800303
stl_304,pay_29304xA,order_88304x,Swiggy Bundl Technologies,1975.85,49.4,8.89,1917.56,2026-08-07,UTR8800304
stl_305,pay_29305xA,order_88305x,Reliance Retail Ltd,3171.76,79.29,14.27,3078.2,2026-08-18,UTR8800305
stl_306,pay_29306xA,order_88306x,Reliance Retail Ltd,2637.02,69.58,11.87,2555.57,2026-08-05,UTR8800306
stl_307,pay_29307xA,order_88307x,Amazon Pvt Ltd,3186.09,79.65,14.34,3092.1,2026-08-22,UTR8800307
stl_308,pay_29308xA,order_88308x,Amazon Pvt Ltd,3125.85,78.15,14.07,3033.63,2026-08-22,UTR8800308
stl_309,pay_29309xA,order_88309x,BigBasket Innovative Retail,1164.99,29.12,5.24,1130.63,2026-08-03,UTR8800309
stl_310,pay_29310xA,order_88310x,Flipkart Internet Pvt Ltd,1358.53,33.96,6.11,1318.46,2026-08-15,UTR8800310
stl_311,pay_29311xA,order_88311x,Zomato Ltd,2346.7,58.67,10.56,2277.47,2026-08-17,UTR8800311
stl_312,pay_29312xA,order_88312x,Swiggy Bundl Technologies,2834.07,70.85,12.75,2750.47,2026-08-17,UTR8800312
stl_313,pay_29313xA,order_88313x,Swiggy Bundl Technologies,2568.49,64.21,11.56,2492.72,2026-08-19,UTR8800313
stl_314,pay_29314xA,order_88314x,Reliance Retail Ltd,3245.34,81.13,14.6,3149.61,2026-08-09,UTR8800314
stl_315,pay_29315xA,order_88315x,Zomato Ltd,4736.68,118.42,21.32,4596.94,2026-08-11,UTR8800315
stl_316,pay_29316xA,order_88316x,Nykaa E-Retail Pvt Ltd,1926.68,48.17,8.67,1869.84,2026-08-10,UTR8800316
stl_317,pay_29317xA,order_88317x,BigBasket Innovative Retail,4530.92,113.27,20.39,4397.26,2026-08-13,UTR8800317
stl_318,pay_29318xA,order_88318x,Reliance Retail Ltd,4798.91,119.97,21.59,4657.35,2026-08-16,UTR8800318
stl_319,pay_29319xA,order_88319x,Nykaa E-Retail Pvt Ltd,1462.94,36.57,6.58,1419.79,2026-08-10,UTR8800319
stl_320,pay_29320xA,order_88320x,Swiggy Bundl Technologies,991.52,24.79,4.46,962.27,2026-08-09,UTR8800320
stl_321,pay_29321xA,order_88321x,Zomato Ltd,3370.75,84.27,15.17,3271.31,2026-08-15,UTR8800321
stl_322,pay_29322xA,order_88322x,Flipkart Internet Pvt Ltd,3565.36,89.13,16.04,3460.19,2026-08-19,UTR8800322
stl_323,pay_29323xA,order_88323x,Nykaa E-Retail Pvt Ltd,2648.52,66.21,11.92,2570.39,2026-08-11,UTR8800323
stl_324,pay_29324xA,order_88324x,Amazon Pvt Ltd,4585.72,114.64,20.64,4450.44,2026-08-20,UTR8800324
stl_325,pay_29325xA,order_88325x,Amazon Pvt Ltd,4609.53,115.24,20.74,4473.55,2026-08-07,UTR8800325
stl_326,pay_29326xA,order_88326x,BigBasket Innovative Retail,4045.82,101.15,18.21,3926.46,2026-08-11,UTR8800326
stl_327,pay_29327xA,order_88327x,Flipkart Internet Pvt Ltd,4678.05,116.95,21.05,4540.05,2026-08-16,UTR8800327
stl_328,pay_29328xA,order_88328x,Nykaa E-Retail Pvt Ltd,4501.67,112.54,20.26,4368.87,2026-08-18,UTR8800328
stl_329,pay_29329xA,order_88329x,Flipkart Internet Pvt Ltd,1988.08,49.7,8.95,1929.43,2026-08-22,UTR8800329
stl_330,pay_29330xA,order_88330x,Amazon Pvt Ltd,3814.78,95.37,17.17,3702.24,2026-08-20,UTR8800330
stl_331,pay_29331xA,order_88331x,BigBasket Innovative Retail,4221.45,105.54,19.0,4096.91,2026-08-04,UTR8800331
stl_332,pay_29332xA,order_88332x,Swiggy Bundl Technologies,4917.58,122.94,22.13,4772.51,2026-08-09,UTR8800332
stl_333,pay_29333xA,order_88333x,Zomato Ltd,2510.31,62.76,11.3,2436.25,2026-08-12,UTR8800333
stl_334,pay_29334xA,order_88334x,Amazon Pvt Ltd,1676.99,41.92,7.55,1627.52,2026-08-09,UTR8800334
stl_335,pay_29335xA,order_88335x,Nykaa E-Retail Pvt Ltd,1880.63,47.02,8.46,1825.15,2026-08-18,UTR8800335
stl_336,pay_29336xA,order_88336x,Reliance Retail Ltd,2153.95,53.85,9.69,2090.41,2026-08-06,UTR8800336
stl_337,pay_29337xA,order_88337x,Myntra Designs Pvt Ltd,2371.31,59.28,10.67,2301.36,2026-08-17,UTR8800337
stl_338,pay_29338xA,order_88338x,Zomato Ltd,3561.54,89.04,16.03,3456.47,2026-08-04,UTR8800338
stl_339,pay_29339xA,order_88339x,Myntra Designs Pvt Ltd,851.46,21.29,3.83,826.34,2026-08-03,UTR8800339
stl_340,pay_29340xA,order_88340x,Zomato Ltd,3077.16,76.93,13.85,2986.38,2026-08-12,UTR8800340
stl_341,pay_29341xA,order_88341x,Zomato Ltd,3726.13,93.15,16.77,3616.21,2026-08-18,UTR8800341
stl_342,pay_29342xA,order_88342x,BigBasket Innovative Retail,2555.59,63.89,11.5,2480.2,2026-08-16,UTR8800342
stl_343,pay_29343xA,order_88343x,BigBasket Innovative Retail,1645.06,44.05,7.4,1593.61,2026-08-04,UTR8800343
stl_344,pay_29344xA,order_88344x,Flipkart Internet Pvt Ltd,2935.24,73.38,13.21,2848.65,2026-08-04,UTR8800344
stl_345,pay_29345xA,order_88345x,BigBasket Innovative Retail,1309.92,32.75,5.89,1271.28,2026-08-22,UTR8800345
stl_346,pay_29346xA,order_88346x,BigBasket Innovative Retail,2185.07,54.63,9.83,2120.61,2026-08-16,UTR8800346
stl_347,pay_29347xA,order_88347x,Swiggy Bundl Technologies,3440.9,86.02,15.48,3339.4,2026-08-07,UTR8800347
stl_348,pay_29348xA,order_88348x,Swiggy Bundl Technologies,3775.36,94.38,16.99,3663.99,2026-08-02,UTR8800348
stl_349,pay_29349xA,order_88349x,Nykaa E-Retail Pvt Ltd,3530.75,88.27,15.89,3426.59,2026-08-19,UTR8800349
stl_350,pay_29350xA,order_88350x,Myntra Designs Pvt Ltd,1198.05,29.95,5.39,1162.71,2026-08-05,UTR8800350
stl_351,pay_29351xA,order_88351x,Amazon Pvt Ltd,1583.0,39.58,7.12,1536.3,2026-08-21,UTR8800351
stl_352,pay_29352xA,order_88352x,Amazon Pvt Ltd,1601.3,40.03,7.21,1554.06,2026-08-16,UTR8800352
stl_353,pay_29353xA,order_88353x,Amazon Pvt Ltd,1130.61,28.27,5.09,1097.25,2026-08-09,UTR8800353
stl_354,pay_29354xA,order_88354x,Myntra Designs Pvt Ltd,1566.07,39.15,7.05,1519.87,2026-08-18,UTR8800354
stl_355,pay_29355xA,order_88355x,Reliance Retail Ltd,774.31,19.36,3.48,751.47,2026-08-07,UTR8800355
stl_356,pay_29356xA,order_88356x,Nykaa E-Retail Pvt Ltd,710.98,17.77,3.2,690.01,2026-08-22,UTR8800356
stl_357,pay_29357xA,order_88357x,Myntra Designs Pvt Ltd,3633.39,90.83,16.35,3526.21,2026-08-11,UTR8800357
stl_358,pay_29358xA,order_88358x,Nykaa E-Retail Pvt Ltd,1584.36,39.61,7.13,1537.62,2026-08-06,UTR8800358
stl_359,pay_29359xA,order_88359x,BigBasket Innovative Retail,4855.04,121.38,21.85,4711.81,2026-08-06,UTR8800359
stl_360,pay_29360xA,order_88360x,Zomato Ltd,1986.18,49.65,8.94,1927.59,2026-08-16,UTR8800360
stl_361,pay_29361xA,order_88361x,Zomato Ltd,731.91,18.3,3.29,710.32,2026-08-21,UTR8800361
stl_362,pay_29362xA,order_88362x,Flipkart Internet Pvt Ltd,1346.73,33.67,6.06,1307.0,2026-08-19,UTR8800362
stl_363,pay_29363xA,order_88363x,Myntra Designs Pvt Ltd,1864.35,46.61,8.39,1809.35,2026-08-08,UTR8800363
stl_364,pay_29364xA,order_88364x,Flipkart Internet Pvt Ltd,3860.96,96.52,17.37,3747.07,2026-08-09,UTR8800364
stl_365,pay_29365xA,order_88365x,Zomato Ltd,2284.84,57.12,10.28,2217.44,2026-08-12,UTR8800365
stl_366,pay_29366xA,order_88366x,Myntra Designs Pvt Ltd,1887.9,47.2,8.5,1832.2,2026-08-17,UTR8800366
stl_367,pay_29367xA,order_88367x,Nykaa E-Retail Pvt Ltd,3927.33,98.18,17.67,3811.48,2026-08-08,UTR8800367
stl_368,pay_29368xA,order_88368x,Amazon Pvt Ltd,3031.36,75.78,13.64,2941.94,2026-08-06,UTR8800368
stl_369,pay_29369xA,order_88369x,BigBasket Innovative Retail,1828.37,45.71,8.23,1774.43,2026-08-09,UTR8800369
stl_370,pay_29370xA,order_88370x,Zomato Ltd,2746.86,68.67,12.36,2665.83,2026-08-12,UTR8800370
stl_371,pay_29371xA,order_88371x,Nykaa E-Retail Pvt Ltd,2573.73,64.34,11.58,2497.81,2026-08-13,UTR8800371
stl_372,pay_29372xA,order_88372x,Nykaa E-Retail Pvt Ltd,1328.21,33.21,5.98,1289.02,2026-08-22,UTR8800372
stl_373,pay_29373xA,order_88373x,Flipkart Internet Pvt Ltd,4753.35,118.83,21.39,4613.13,2026-08-02,UTR8800373
stl_374,pay_29374xA,order_88374x,Zomato Ltd,805.86,20.15,3.63,782.08,2026-08-08,UTR8800374
stl_375,pay_29375xA,order_88375x,Amazon Pvt Ltd,3280.26,82.01,14.76,3183.49,2026-08-21,UTR8800375
stl_376,pay_29376xA,order_88376x,Amazon Pvt Ltd,529.76,13.24,2.38,514.14,2026-08-02,UTR8800376
stl_377,pay_29377xA,order_88377x,Reliance Retail Ltd,2910.82,72.77,13.1,2824.95,2026-08-18,UTR8800377
stl_378,pay_29378xA,order_88378x,Swiggy Bundl Technologies,981.57,24.54,4.42,952.61,2026-08-06,UTR8800378
stl_379,pay_29379xA,order_88379x,Reliance Retail Ltd,4168.46,104.21,18.76,4045.49,2026-08-14,UTR8800379
stl_380,pay_29380xA,order_88380x,BigBasket Innovative Retail,2565.49,64.14,11.55,2489.8,2026-08-09,UTR8800380
stl_381,pay_29381xA,order_88381x,Flipkart Internet Pvt Ltd,3441.81,86.05,15.49,3340.27,2026-08-03,UTR8800381
stl_382,pay_29382xA,order_88382x,BigBasket Innovative Retail,2987.16,74.68,13.44,2899.04,2026-08-02,UTR8800382
stl_383,pay_29383xA,order_88383x,Nykaa E-Retail Pvt Ltd,4303.98,107.6,19.37,4177.01,2026-08-12,UTR8800383
stl_384,pay_29384xA,order_88384x,Flipkart Internet Pvt Ltd,4526.56,113.16,20.37,4393.03,2026-08-09,UTR8800384
stl_385,pay_29385xA,order_88385x,Nykaa E-Retail Pvt Ltd,1719.93,43.0,7.74,1669.19,2026-08-10,UTR8800385
stl_386,pay_29386xA,order_88386x,Amazon Pvt Ltd,1307.1,32.68,5.88,1268.54,2026-08-02,UTR8800386
stl_387,pay_29387xA,order_88387x,BigBasket Innovative Retail,4679.94,117.0,21.06,4541.88,2026-08-20,UTR8800387
stl_388,pay_29388xA,order_88388x,BigBasket Innovative Retail,3546.66,88.67,15.96,3442.03,2026-08-14,UTR8800388
stl_389,pay_29389xA,order_88389x,Flipkart Internet Pvt Ltd,2753.57,68.84,12.39,2672.34,2026-08-03,UTR8800389
stl_390,pay_29390xA,order_88390x,Flipkart Internet Pvt Ltd,2032.67,50.82,9.15,1972.7,2026-08-21,UTR8800390
stl_391,pay_29391xA,order_88391x,Myntra Designs Pvt Ltd,633.32,15.83,2.85,614.64,2026-08-16,UTR8800391
stl_392,pay_29392xA,order_88392x,BigBasket Innovative Retail,2443.32,61.08,10.99,2371.25,2026-08-14,UTR8800392
stl_393,pay_29393xA,order_88393x,Zomato Ltd,3708.99,92.72,16.69,3599.58,2026-08-06,UTR8800393
stl_394,pay_29394xA,order_88394x,Swiggy Bundl Technologies,3828.45,95.71,17.23,3715.51,2026-08-05,UTR8800394
stl_395,pay_29395xA,order_88395x,Reliance Retail Ltd,2501.31,62.53,11.26,2427.52,2026-08-05,UTR8800395
stl_396,pay_29396xA,order_88396x,BigBasket Innovative Retail,2519.8,63.0,11.34,2445.46,2026-08-15,UTR8800396
stl_397,pay_29397xA,order_88397x,Myntra Designs Pvt Ltd,2993.99,74.85,13.47,2905.67,2026-08-12,UTR8800397
stl_398,pay_29398xA,order_88398x,BigBasket Innovative Retail,2245.1,56.13,10.1,2178.87,2026-08-19,UTR8800398
stl_399,pay_29399xA,order_88399x,Swiggy Bundl Technologies,3583.92,89.6,16.13,3478.19,2026-08-10,UTR8800399
stl_400,pay_29400xA,order_88400x,Swiggy Bundl Technologies,784.7,19.62,3.53,761.55,2026-08-15,UTR8800400
stl_401,pay_29401xA,order_88401x,Flipkart Internet Pvt Ltd,2125.06,53.13,9.56,2062.37,2026-08-22,UTR8800401
stl_402,pay_29402xA,order_88402x,Zomato Ltd,2560.38,64.01,11.52,2484.85,2026-08-02,UTR8800402
stl_403,pay_29403xA,order_88403x,BigBasket Innovative Retail,4118.34,102.96,18.53,3996.85,2026-08-12,UTR8800403
stl_404,pay_29404xA,order_88404x,Swiggy Bundl Technologies,1851.96,46.3,8.33,1797.33,2026-08-08,UTR8800404
stl_405,pay_29405xA,order_88405x,BigBasket Innovative Retail,4859.26,121.48,21.87,4715.91,2026-08-22,UTR8800405
stl_406,pay_29406xA,order_88406x,Zomato Ltd,1966.49,49.16,8.85,1908.48,2026-08-14,UTR8800406
stl_407,pay_29407xA,order_88407x,Zomato Ltd,3165.02,79.13,14.24,3071.65,2026-08-19,UTR8800407
stl_408,pay_29408xA,order_88408x,Nykaa E-Retail Pvt Ltd,4743.39,118.58,21.34,4603.47,2026-08-11,UTR8800408
stl_409,pay_29409xA,order_88409x,BigBasket Innovative Retail,3528.4,88.21,15.88,3424.31,2026-08-11,UTR8800409
stl_410,pay_29410xA,order_88410x,Swiggy Bundl Technologies,3718.56,92.96,16.73,3608.87,2026-08-04,UTR8800410
stl_411,pay_29411xA,order_88411x,Nykaa E-Retail Pvt Ltd,3120.1,78.0,14.04,3028.06,2026-08-15,UTR8800411
stl_412,pay_29412xA,order_88412x,Myntra Designs Pvt Ltd,3657.35,91.43,16.46,3549.46,2026-08-21,UTR8800412
stl_413,pay_29413xA,order_88413x,Flipkart Internet Pvt Ltd,3960.29,99.01,17.82,3843.46,2026-08-13,UTR8800413
stl_414,pay_29414xA,order_88414x,Amazon Pvt Ltd,3034.49,75.86,13.65,2944.98,2026-08-22,UTR8800414
stl_415,pay_29415xA,order_88415x,Myntra Designs Pvt Ltd,4845.73,121.14,21.81,4702.78,2026-08-02,UTR8800415
stl_416,pay_29416xA,order_88416x,Zomato Ltd,2506.0,62.65,11.28,2432.07,2026-08-20,UTR8800416
stl_417,pay_29417xA,order_88417x,Myntra Designs Pvt Ltd,4989.66,124.74,22.45,4842.47,2026-08-11,UTR8800417
stl_418,pay_29418xA,order_88418x,Flipkart Internet Pvt Ltd,1022.31,25.56,4.6,992.15,2026-08-06,UTR8800418
stl_419,pay_29419xA,order_88419x,Nykaa E-Retail Pvt Ltd,4029.21,100.73,18.13,3910.35,2026-08-13,UTR8800419
stl_420,pay_29420xA,order_88420x,Nykaa E-Retail Pvt Ltd,1935.09,48.38,8.71,1878.0,2026-08-05,UTR8800420
stl_421,pay_29421xA,order_88421x,Swiggy Bundl Technologies,4684.65,117.12,21.08,4546.45,2026-08-18,UTR8800421
stl_422,pay_29422xA,order_88422x,Myntra Designs Pvt Ltd,3019.32,75.48,13.59,2930.25,2026-08-09,UTR8800422
stl_423,pay_29423xA,order_88423x,Swiggy Bundl Technologies,3382.15,84.55,15.22,3282.38,2026-08-02,UTR8800423
stl_424,pay_29424xA,order_88424x,Zomato Ltd,2523.09,63.08,11.35,2448.66,2026-08-02,UTR8800424
stl_425,pay_29425xA,order_88425x,Reliance Retail Ltd,3885.46,97.14,17.49,3770.83,2026-08-04,UTR8800425
stl_426,pay_29426xA,order_88426x,Swiggy Bundl Technologies,2146.07,53.65,9.66,2082.76,2026-08-05,UTR8800426
stl_427,pay_29427xA,order_88427x,Nykaa E-Retail Pvt Ltd,2874.72,71.87,12.94,2789.91,2026-08-21,UTR8800427
stl_428,pay_29428xA,order_88428x,Flipkart Internet Pvt Ltd,2065.66,51.64,9.3,2004.72,2026-08-21,UTR8800428
stl_429,pay_29429xA,order_88429x,Reliance Retail Ltd,4634.07,115.85,20.85,4497.37,2026-08-06,UTR8800429
stl_430,pay_29430xA,order_88430x,Reliance Retail Ltd,1026.27,25.66,4.62,995.99,2026-08-06,UTR8800430
stl_431,pay_29431xA,order_88431x,Swiggy Bundl Technologies,3086.63,77.17,13.89,2995.57,2026-08-17,UTR8800431
stl_432,pay_29432xA,order_88432x,Swiggy Bundl Technologies,2997.11,74.93,13.49,2908.69,2026-08-06,UTR8800432
stl_433,pay_29433xA,order_88433x,Nykaa E-Retail Pvt Ltd,3287.34,82.18,14.79,3190.37,2026-08-02,UTR8800433
stl_434,pay_29434xA,order_88434x,BigBasket Innovative Retail,4837.23,120.93,21.77,4694.53,2026-08-17,UTR8800434
stl_435,pay_29435xA,order_88435x,BigBasket Innovative Retail,3695.64,92.39,16.63,3586.62,2026-08-07,UTR8800435
stl_436,pay_29436xA,order_88436x,Zomato Ltd,1814.4,45.36,8.16,1760.88,2026-08-19,UTR8800436
stl_437,pay_29437xA,order_88437x,Nykaa E-Retail Pvt Ltd,3045.43,76.14,13.71,2955.58,2026-08-17,UTR8800437
stl_438,pay_29438xA,order_88438x,Flipkart Internet Pvt Ltd,1705.5,42.64,7.68,1655.18,2026-08-13,UTR8800438
stl_439,pay_29439xA,order_88439x,Nykaa E-Retail Pvt Ltd,2958.59,73.96,13.31,2871.32,2026-08-05,UTR8800439
stl_440,pay_29440xA,order_88440x,Reliance Retail Ltd,4436.64,114.13,19.97,4302.54,2026-08-04,UTR8800440
stl_441,pay_29441xA,order_88441x,Zomato Ltd,1444.45,36.11,6.5,1401.84,2026-08-13,UTR8800441
stl_442,pay_29442xA,order_88442x,BigBasket Innovative Retail,1246.92,31.17,5.61,1210.14,2026-08-08,UTR8800442
stl_443,pay_29443xA,order_88443x,Reliance Retail Ltd,3185.86,79.65,14.34,3091.87,2026-08-11,UTR8800443
stl_444,pay_29444xA,order_88444x,Flipkart Internet Pvt Ltd,1110.15,27.75,5.0,1077.4,2026-08-15,UTR8800444
stl_445,pay_29445xA,order_88445x,Swiggy Bundl Technologies,3656.42,91.41,16.45,3548.56,2026-08-06,UTR8800445
stl_446,pay_29446xA,order_88446x,Zomato Ltd,3926.63,98.17,17.67,3810.79,2026-08-17,UTR8800446
stl_447,pay_29447xA,order_88447x,Reliance Retail Ltd,3325.16,83.13,14.96,3227.07,2026-08-04,UTR8800447
stl_448,pay_29448xA,order_88448x,BigBasket Innovative Retail,2820.26,70.51,12.69,2737.06,2026-08-13,UTR8800448
stl_449,pay_29449xA,order_88449x,Myntra Designs Pvt Ltd,3118.8,77.97,14.03,3026.8,2026-08-04,UTR8800449
stl_450,pay_29450xA,order_88450x,Myntra Designs Pvt Ltd,4325.48,108.14,19.47,4197.87,2026-08-14,UTR8800450
stl_451,pay_29451xA,order_88451x,Zomato Ltd,2726.22,68.16,12.27,2645.79,2026-08-11,UTR8800451
stl_452,pay_29452xA,order_88452x,Swiggy Bundl Technologies,3047.64,76.19,13.71,2957.74,2026-08-12,UTR8800452
stl_453,pay_29453xA,order_88453x,Nykaa E-Retail Pvt Ltd,573.27,14.33,2.58,556.36,2026-08-07,UTR8800453
stl_454,pay_29454xA,order_88454x,BigBasket Innovative Retail,1410.43,35.26,6.35,1368.82,2026-08-06,UTR8800454
stl_455,pay_29455xA,order_88455x,Reliance Retail Ltd,920.03,23.0,4.14,892.89,2026-08-04,UTR8800455
stl_456,pay_29456xA,order_88456x,Swiggy Bundl Technologies,733.04,18.33,3.3,711.41,2026-08-09,UTR8800456
stl_457,pay_29457xA,order_88457x,Flipkart Internet Pvt Ltd,504.89,12.62,2.27,490.0,2026-08-06,UTR8800457
stl_458,pay_29458xA,order_88458x,Nykaa E-Retail Pvt Ltd,541.79,13.54,2.44,525.81,2026-08-05,UTR8800458
stl_459,pay_29459xA,order_88459x,Nykaa E-Retail Pvt Ltd,818.73,20.47,3.68,794.58,2026-08-05,UTR8800459
stl_460,pay_29460xA,order_88460x,Reliance Retail Ltd,1117.08,27.93,5.03,1084.12,2026-08-06,UTR8800460
stl_461,pay_29461xA,order_88461x,Swiggy Bundl Technologies,807.85,20.2,3.64,784.01,2026-08-21,UTR8800461
stl_462,pay_29462xA,order_88462x,Myntra Designs Pvt Ltd,3750.94,93.77,16.88,3640.29,2026-08-06,UTR8800462
stl_463,pay_29463xA,order_88463x,Nykaa E-Retail Pvt Ltd,4369.83,109.25,19.66,4240.92,2026-08-05,UTR8800463
stl_464,pay_29464xA,order_88464x,BigBasket Innovative Retail,2081.91,52.05,9.37,2020.49,2026-08-06,UTR8800464
stl_465,pay_29465xA,order_88465x,Flipkart Internet Pvt Ltd,1616.75,40.42,7.28,1569.05,2026-08-21,UTR8800465
stl_466,pay_29466xA,order_88466x,Reliance Retail Ltd,1424.51,35.61,6.41,1382.49,2026-08-08,UTR8800466
stl_467,pay_29467xA,order_88467x,Amazon Pvt Ltd,4027.11,100.68,18.12,3908.31,2026-08-09,UTR8800467
stl_468,pay_29468xA,order_88468x,Zomato Ltd,2748.12,68.7,12.37,2667.05,2026-08-18,UTR8800468
stl_469,pay_29469xA,order_88469x,Myntra Designs Pvt Ltd,1093.92,27.35,4.92,1061.65,2026-08-20,UTR8800469
stl_470,pay_29470xA,order_88470x,Swiggy Bundl Technologies,3932.27,98.31,17.7,3816.26,2026-08-04,UTR8800470
stl_471,pay_29471xA,order_88471x,Amazon Pvt Ltd,1679.83,43.89,7.56,1628.38,2026-08-14,UTR8800471
stl_472,pay_29472xA,order_88472x,BigBasket Innovative Retail,2406.09,60.15,10.83,2335.11,2026-08-22,UTR8800472
stl_473,pay_29473xA,order_88473x,Swiggy Bundl Technologies,1748.6,43.72,7.87,1697.01,2026-08-18,UTR8800473
stl_474,pay_29474xA,order_88474x,Swiggy Bundl Technologies,2913.76,72.84,13.11,2827.81,2026-08-22,UTR8800474
stl_475,pay_29475xA,order_88475x,Flipkart Internet Pvt Ltd,1895.76,47.39,8.53,1839.84,2026-08-09,UTR8800475
stl_476,pay_29476xA,order_88476x,BigBasket Innovative Retail,1021.94,25.55,4.6,991.79,2026-08-03,UTR8800476
stl_477,pay_29477xA,order_88477x,Swiggy Bundl Technologies,1037.49,25.94,4.67,1006.88,2026-08-02,UTR8800477
stl_478,pay_29478xA,order_88478x,Myntra Designs Pvt Ltd,2853.52,71.34,12.84,2769.34,2026-08-10,UTR8800478
stl_479,pay_29479xA,order_88479x,Reliance Retail Ltd,3798.21,94.96,17.09,3686.16,2026-08-02,UTR8800479
stl_480,pay_29480xA,order_88480x,Flipkart Internet Pvt Ltd,1683.27,42.08,7.57,1633.62,2026-08-22,UTR8800480
stl_481,pay_29481xA,order_88481x,Myntra Designs Pvt Ltd,749.48,18.74,3.37,727.37,2026-08-07,UTR8800481
stl_482,pay_29482xA,order_88482x,Flipkart Internet Pvt Ltd,4524.21,113.11,20.36,4390.74,2026-08-05,UTR8800482
stl_483,pay_29483xA,order_88483x,Amazon Pvt Ltd,698.17,17.45,3.14,677.58,2026-08-09,UTR8800483
stl_484,pay_29484xA,order_88484x,BigBasket Innovative Retail,4641.02,116.03,20.89,4504.1,2026-08-03,UTR8800484
stl_485,pay_29485xA,order_88485x,BigBasket Innovative Retail,1510.32,37.76,6.8,1465.76,2026-08-12,UTR8800485
stl_486,pay_29486xA,order_88486x,Flipkart Internet Pvt Ltd,2759.18,68.98,12.42,2677.78,2026-08-07,UTR8800486
stl_487,pay_29487xA,order_88487x,BigBasket Innovative Retail,810.17,20.25,3.65,786.27,2026-08-11,UTR8800487
stl_488,pay_29488xA,order_88488x,Nykaa E-Retail Pvt Ltd,535.86,13.4,2.41,520.05,2026-08-20,UTR8800488
stl_489,pay_29489xA,order_88489x,Zomato Ltd,2587.67,64.69,11.64,2511.34,2026-08-17,UTR8800489
stl_490,pay_29490xA,order_88490x,Zomato Ltd,1177.55,29.44,5.3,1142.81,2026-08-02,UTR8800490
stl_491,pay_29491xA,order_88491x,Amazon Pvt Ltd,4779.46,125.26,21.51,4632.69,2026-08-11,UTR8800491
stl_492,pay_29492xA,order_88492x,Zomato Ltd,2389.17,59.73,10.75,2318.69,2026-08-06,UTR8800492
stl_493,pay_29493xA,order_88493x,Amazon Pvt Ltd,4645.73,116.14,20.91,4508.68,2026-08-18,UTR8800493
stl_494,pay_29494xA,order_88494x,Myntra Designs Pvt Ltd,2563.06,64.08,11.53,2487.45,2026-08-20,UTR8800494
stl_495,pay_29495xA,order_88495x,BigBasket Innovative Retail,836.74,20.92,3.77,812.05,2026-08-15,UTR8800495
stl_496,pay_29496xA,order_88496x,Zomato Ltd,1812.54,45.31,8.16,1759.07,2026-08-14,UTR8800496
stl_497,pay_29497xA,order_88497x,Nykaa E-Retail Pvt Ltd,1723.8,43.09,7.76,1672.95,2026-08-08,UTR8800497
stl_498,pay_29498xA,order_88498x,Swiggy Bundl Technologies,975.46,24.39,4.39,946.68,2026-08-12,UTR8800498
stl_499,pay_29499xA,order_88499x,Myntra Designs Pvt Ltd,4840.86,121.02,21.78,4698.06,2026-08-11,UTR8800499
stl_500,pay_29500xA,order_88500x,Flipkart Internet Pvt Ltd,906.89,22.67,4.08,880.14,2026-08-11,UTR8800500
